"eps1=0.4";"eps2=0.91";"minPts=19";"1 1 1 2 0 0 1 0 0 2 0 2 1 0 1 0 0 2 0 2 2 2 2 0 2 1 2 2 0 0 2 2 0 2 2 0 0 2 2 2 0 2 2 2 2 2 0 2 0 2 1 2 0 2 2 2 2 0 0 2 0 1 2 2 1 2 2 2 2 2 2 2 2 2 2 2 0 2 0 2 2 2 0 2 2 2 1 2 2 2 2 2 2 2 1 2 0 1 2 2 2 2 0 2 1 2 2 2 0 2 2 2 0 2 2 2 1 2 0 2 1 2 2 2 1 1 2 1 2 0 0 2 2 2 2 1 2 2 2 2 1 2 2 2 1 2 0 2 2 2 2 "
"eps1=0.4";"eps2=0.91";"minPts=21";"1 1 1 2 0 0 1 0 0 2 0 2 1 0 1 0 0 2 0 2 2 2 2 0 2 1 2 2 0 0 2 2 0 2 2 0 0 2 2 2 0 2 2 2 2 2 0 2 0 2 1 2 0 2 2 2 2 0 0 2 0 1 2 2 1 2 2 2 2 2 2 2 2 2 2 2 0 2 0 2 2 2 0 2 2 2 1 2 2 2 2 2 2 2 1 2 0 1 2 2 2 2 0 2 1 2 2 0 0 2 2 2 0 2 2 2 1 2 0 2 1 2 2 2 1 1 2 1 2 0 0 2 2 2 2 1 2 2 2 2 1 2 2 2 1 2 0 2 2 2 2 "
"eps1=0.48";"eps2=0.91";"minPts=19";"1 1 1 2 0 0 1 0 0 2 0 2 1 0 1 0 0 2 0 2 2 2 2 0 2 1 2 2 0 0 2 2 0 2 2 0 0 2 2 2 0 2 2 2 2 2 0 2 0 2 1 2 0 2 2 2 2 0 0 2 0 1 2 2 1 2 2 2 2 2 2 2 2 2 2 2 0 2 0 2 2 2 0 2 2 2 1 2 2 2 2 2 2 2 1 2 0 1 2 2 2 2 0 2 1 2 2 2 0 2 2 2 0 2 2 2 1 0 0 2 1 2 2 2 1 1 2 1 2 0 0 2 2 2 2 1 2 2 2 2 1 2 2 2 1 2 0 2 2 2 2 "
"eps1=0.48";"eps2=0.91";"minPts=21";"1 1 1 2 0 0 1 0 0 2 0 2 1 0 1 0 0 2 0 2 2 2 2 0 2 1 2 2 0 0 2 2 0 2 2 0 0 2 2 2 0 2 2 2 2 2 0 2 0 2 1 2 0 2 2 2 2 0 0 2 0 1 2 2 1 2 2 2 2 2 2 2 2 2 2 2 0 2 0 2 2 2 0 2 2 2 1 2 2 2 2 2 2 2 1 2 0 1 2 2 2 2 0 2 1 2 2 0 0 2 2 2 0 2 2 2 1 0 0 2 1 2 2 2 1 1 2 1 2 0 0 2 2 2 2 1 2 2 2 2 1 2 2 2 1 2 0 2 2 2 2 "
"eps1=0.58";"eps2=0.91";"minPts=21";"1 1 1 2 0 0 1 0 0 2 0 2 1 0 1 0 0 2 0 2 2 2 2 0 2 1 2 2 0 0 2 2 0 2 2 0 0 2 2 2 0 2 2 2 2 2 0 2 0 2 1 2 0 2 2 2 2 0 0 2 0 1 2 2 1 2 2 2 2 0 2 2 2 2 2 2 0 2 0 2 2 2 0 2 2 2 1 2 2 2 2 2 2 2 1 2 0 1 2 2 2 2 0 2 1 2 2 0 0 2 2 2 0 2 2 2 1 0 0 2 1 2 2 2 1 1 2 1 2 0 0 2 2 2 2 1 2 2 2 2 1 2 2 2 1 2 0 2 2 2 2 "
"eps1=0.61";"eps2=0.91";"minPts=20";"1 1 1 2 0 0 1 0 0 2 0 2 1 0 1 0 0 2 0 2 2 2 2 0 2 1 2 2 0 0 2 2 0 2 2 0 0 2 2 2 0 2 2 2 2 2 0 2 0 2 1 2 0 2 2 2 2 0 0 2 0 1 2 2 1 2 2 2 2 0 2 2 2 2 2 2 0 2 0 2 2 2 0 2 2 2 1 2 2 2 2 2 2 2 1 2 0 1 2 2 2 2 0 2 1 2 2 2 0 2 2 2 0 2 2 2 1 0 0 2 1 2 2 2 1 1 2 1 2 0 0 2 2 2 2 1 2 2 2 2 1 2 2 2 1 2 0 2 2 2 2 "
"eps1=0.64";"eps2=0.91";"minPts=21";"1 1 1 2 0 0 1 0 0 2 0 2 1 0 1 0 0 2 0 2 2 2 2 0 2 1 2 2 0 0 2 2 0 2 2 0 0 2 2 2 0 2 2 2 2 2 0 2 0 2 1 2 0 2 2 2 2 0 0 2 0 1 2 2 1 2 2 2 2 0 2 2 2 2 2 2 0 2 0 2 2 0 0 2 2 2 1 2 2 2 2 2 2 2 1 2 0 1 2 2 2 2 0 2 1 2 2 0 0 2 2 2 0 2 2 2 1 0 0 2 1 2 2 2 1 1 2 1 2 0 0 2 2 2 2 1 2 2 2 2 1 2 2 2 1 2 0 2 2 2 2 "
"eps1=0.65";"eps2=0.91";"minPts=20";"1 1 1 2 0 0 1 0 0 2 0 2 1 0 1 0 0 2 0 2 2 2 2 0 2 1 2 2 0 0 2 2 0 2 2 0 0 2 2 2 0 2 2 2 2 2 0 2 0 2 1 2 0 2 2 2 2 0 0 2 0 1 2 2 1 2 2 2 2 0 2 2 2 2 2 2 0 2 0 2 2 0 0 2 2 2 1 2 2 2 2 2 2 2 1 2 0 1 2 2 2 2 0 2 1 2 2 2 0 2 2 2 0 2 2 2 1 0 0 2 1 2 2 2 1 1 2 1 2 0 0 2 2 2 2 1 2 2 2 2 1 2 2 2 1 2 0 2 2 2 2 "
"eps1=0.68";"eps2=0.91";"minPts=17";"1 1 1 2 0 0 1 0 0 2 0 2 1 0 1 0 0 2 0 2 2 2 2 0 2 1 2 2 0 0 2 2 0 2 2 0 0 2 2 2 1 2 2 2 2 2 0 2 1 2 1 2 0 2 2 2 2 0 0 2 0 1 2 2 1 2 2 2 2 0 2 2 2 2 2 2 0 2 0 2 2 2 0 2 2 2 1 2 2 2 2 2 2 2 1 2 0 1 2 2 2 2 0 2 1 2 2 2 0 2 2 2 0 2 2 2 1 0 1 2 1 2 2 2 1 1 2 1 2 0 0 2 2 2 2 1 2 2 2 2 1 2 2 2 1 2 0 2 2 2 2 "
"eps1=0.69";"eps2=0.91";"minPts=18";"1 1 1 2 0 0 1 0 0 2 0 2 1 0 1 0 0 2 0 2 2 2 2 0 2 1 2 2 0 0 2 2 0 2 2 0 0 2 2 2 0 2 2 2 2 2 0 2 0 2 1 2 0 2 2 2 2 0 0 2 0 0 2 2 1 2 2 2 2 0 2 2 2 2 2 2 0 2 0 2 2 0 0 2 2 2 1 2 2 2 2 2 2 2 1 2 0 1 2 2 2 2 0 2 1 2 2 2 0 2 2 2 0 2 2 2 1 0 0 2 0 2 2 2 1 1 2 1 2 0 0 2 2 2 2 1 2 2 2 2 1 2 2 2 1 2 0 2 2 2 2 "
"eps1=0.7";"eps2=0.91";"minPts=17";"1 1 1 2 0 0 1 0 0 2 0 2 1 0 1 0 0 2 0 2 2 2 2 0 2 1 2 2 0 0 2 2 0 2 2 0 0 2 2 2 1 2 2 2 2 2 0 2 1 2 1 2 0 2 2 2 2 0 0 2 0 1 2 2 1 2 2 2 2 0 2 2 2 2 2 2 0 2 0 2 2 0 0 2 2 2 1 2 2 2 2 2 2 2 1 2 0 1 2 2 2 2 0 2 1 2 2 2 0 2 2 2 0 2 2 2 1 0 1 2 1 2 2 2 1 1 2 1 2 0 0 2 2 2 2 1 2 2 2 2 1 2 2 2 1 2 0 2 2 2 2 "
"eps1=0.7";"eps2=0.91";"minPts=18";"1 1 1 2 0 0 1 0 0 2 0 2 1 0 0 0 0 2 0 2 2 2 2 0 2 1 2 2 0 0 2 2 0 2 2 0 0 2 2 2 0 2 2 2 2 2 0 2 0 2 1 2 0 2 2 2 2 0 0 2 0 0 2 2 1 2 2 2 2 0 2 2 2 2 2 2 0 2 0 2 2 0 0 2 2 2 1 2 2 2 2 2 2 2 1 2 0 1 2 2 2 2 0 2 1 2 2 2 0 2 2 2 0 2 2 2 1 0 0 2 0 2 2 2 1 1 2 1 2 0 0 2 2 2 2 1 2 2 2 2 1 2 2 2 1 2 0 2 2 2 2 "
"eps1=0.71";"eps2=0.91";"minPts=17";"1 1 1 2 0 0 1 0 0 2 0 2 1 0 1 0 0 2 0 2 2 2 2 0 2 1 2 2 0 0 2 2 0 2 0 0 0 2 2 2 1 2 2 2 2 2 0 2 1 2 1 2 0 2 2 2 2 0 0 2 0 1 2 2 1 2 2 2 2 0 2 2 2 2 2 2 0 2 0 2 2 0 0 2 2 2 1 2 2 2 2 2 2 2 1 2 0 1 2 2 2 2 0 2 1 2 2 2 0 2 2 2 0 2 2 2 1 0 1 2 1 2 2 2 1 1 2 1 2 0 0 2 2 2 2 1 2 2 2 2 1 2 2 2 1 2 0 2 2 2 2 "
"eps1=0.78";"eps2=0.91";"minPts=12";"0 0 1 2 0 0 1 0 0 2 0 2 0 0 1 0 0 2 0 2 2 2 2 0 2 1 2 2 0 0 2 2 0 2 0 0 0 2 2 2 1 2 2 2 2 2 0 2 1 2 1 0 0 0 2 2 2 0 0 2 0 1 2 2 1 2 2 2 2 0 2 2 2 2 2 2 0 2 0 2 2 2 0 2 2 2 1 2 2 2 0 2 2 2 0 2 0 1 2 2 2 2 1 2 1 2 2 2 2 2 2 0 0 2 2 2 1 0 1 2 1 2 2 2 1 1 2 1 2 0 0 2 2 2 2 1 2 2 2 2 1 2 1 2 1 2 1 2 2 2 2 "
"eps1=0.79";"eps2=0.91";"minPts=10";"1 1 1 2 0 0 1 0 0 2 0 2 0 0 1 0 0 2 0 2 2 2 2 0 2 1 2 2 0 0 2 2 0 2 0 0 0 2 2 2 1 2 2 2 2 2 0 2 1 2 1 0 0 0 2 2 2 0 0 2 0 1 2 2 1 2 2 2 2 0 2 2 2 2 2 2 0 2 0 2 2 2 0 2 2 2 1 2 2 2 0 2 2 2 0 0 0 1 2 2 2 2 1 2 1 2 2 2 2 2 2 0 0 2 2 2 1 0 1 2 1 2 2 2 1 1 2 1 2 0 0 2 2 2 2 1 2 2 2 2 1 2 1 2 1 2 1 2 2 2 2 "
"eps1=0.79";"eps2=0.91";"minPts=12";"0 0 1 2 0 0 1 0 0 2 0 2 0 0 1 0 0 2 0 2 2 2 2 0 2 0 2 2 0 0 2 2 0 2 0 0 0 2 2 2 1 2 2 2 2 2 0 2 1 2 1 0 0 0 2 2 2 0 0 2 0 1 2 2 1 2 2 2 2 0 2 2 2 2 2 2 0 2 0 2 2 2 0 2 2 2 1 2 2 2 0 2 2 2 0 0 0 1 2 2 2 2 1 2 1 2 2 2 2 2 2 0 0 2 2 2 1 0 1 2 1 2 2 2 1 1 2 1 2 0 0 2 2 2 2 1 2 2 2 2 1 2 1 2 1 2 1 2 2 2 2 "
"eps1=0.81";"eps2=0.91";"minPts=4";"1 1 1 2 0 0 1 0 0 2 0 2 0 0 1 0 0 2 0 2 2 2 2 0 2 1 2 2 0 0 2 2 0 2 0 0 0 2 2 2 1 2 2 2 2 2 0 2 1 2 1 0 0 0 2 2 2 0 0 2 0 1 2 2 1 2 2 2 2 1 2 2 2 2 2 2 0 2 0 2 1 2 1 1 1 2 1 1 1 1 0 1 2 2 0 0 0 1 2 1 1 1 1 1 0 1 1 2 2 1 1 0 1 1 1 1 1 0 1 1 1 1 1 1 1 1 1 1 1 0 1 1 2 1 1 1 1 1 1 1 1 1 1 1 1 1 1 1 1 1 1 "
"eps1=0.81";"eps2=0.91";"minPts=6";"1 1 1 2 0 0 1 0 0 2 0 2 0 0 1 0 0 2 0 2 2 2 2 0 2 1 2 2 0 0 2 2 0 2 0 0 0 2 2 2 1 2 2 2 2 2 0 2 1 2 1 0 0 0 2 2 2 0 0 2 0 1 2 2 1 2 2 2 2 1 2 2 2 2 2 2 0 2 0 2 1 2 1 1 1 2 1 1 1 1 0 1 2 2 0 0 0 1 2 1 1 1 1 1 0 1 1 2 2 1 1 0 0 1 1 1 1 0 1 1 1 1 1 1 1 1 1 1 1 0 0 1 2 1 1 1 1 1 1 1 1 1 1 1 1 1 1 1 1 1 1 "
"eps1=0.81";"eps2=0.91";"minPts=7";"1 1 1 2 0 0 1 0 0 2 0 2 0 0 1 0 0 2 0 2 2 2 2 0 2 1 2 2 0 0 2 2 0 2 0 0 0 2 2 2 1 2 2 2 2 2 0 2 1 2 1 0 0 0 2 2 2 0 0 2 0 1 2 2 1 2 2 2 2 1 2 2 2 2 2 2 0 2 0 2 1 2 0 1 1 2 1 1 1 1 0 1 2 2 0 0 0 1 2 1 1 1 1 1 0 1 1 0 2 1 1 0 0 1 1 1 1 0 1 1 1 1 1 1 1 1 1 1 1 0 0 1 2 1 1 1 1 1 1 1 1 1 1 1 1 1 1 1 1 1 1 "
"eps1=0.81";"eps2=0.91";"minPts=8";"1 1 1 2 0 0 1 0 0 2 0 2 0 0 1 0 0 2 0 2 2 2 2 0 2 1 2 2 0 0 2 2 0 2 0 0 0 2 2 2 1 2 2 2 2 2 0 2 1 2 1 0 0 0 2 2 2 0 0 2 0 1 2 2 1 2 2 2 2 1 2 0 2 2 2 2 0 2 0 2 1 0 0 1 1 2 1 1 1 1 0 1 2 0 0 0 0 1 2 1 1 1 1 1 0 1 1 0 0 1 1 0 0 1 1 1 1 0 1 1 1 1 1 1 1 1 1 1 1 0 0 1 2 1 1 1 1 1 1 1 1 1 1 1 1 1 1 1 1 1 1 "
"eps1=0.81";"eps2=0.91";"minPts=9";"1 1 1 2 0 0 1 0 0 2 0 2 0 0 1 0 0 2 0 2 2 2 2 0 2 1 2 2 0 0 2 2 0 2 0 0 0 2 2 2 1 2 2 2 2 2 0 2 1 2 1 0 0 0 2 2 2 0 0 2 0 1 2 2 1 2 2 2 2 0 2 2 2 2 2 2 0 2 0 2 2 2 0 2 2 2 1 2 2 2 0 1 2 2 0 0 0 1 2 2 2 2 1 2 0 1 1 2 2 2 2 0 0 2 1 1 1 0 1 1 1 2 2 1 1 1 1 1 1 0 0 1 2 1 1 1 1 1 1 1 1 1 1 1 1 1 1 1 1 1 1 "
"eps1=0.81";"eps2=0.91";"minPts=10";"0 0 1 2 0 0 1 0 0 2 0 2 0 0 1 0 0 2 0 2 2 2 2 0 2 0 2 2 0 0 2 2 0 2 0 0 0 2 2 2 1 2 2 2 2 2 0 2 1 2 1 0 0 0 2 2 2 0 0 2 0 1 2 2 1 2 2 2 2 0 2 2 2 2 2 2 0 2 0 2 2 2 0 2 2 2 1 2 2 2 0 2 2 2 0 0 0 1 2 2 2 2 1 2 0 2 2 2 2 2 2 0 0 2 2 2 1 0 1 2 1 2 2 2 1 1 2 1 2 0 0 2 2 2 2 1 2 2 2 2 1 2 1 2 1 2 1 2 2 2 2 "
"eps1=0.82";"eps2=0.91";"minPts=4";"1 1 1 2 0 0 1 0 0 2 0 2 0 0 1 0 0 2 0 2 2 2 2 0 2 1 2 2 0 0 2 2 0 2 0 0 0 2 2 2 1 2 2 2 2 2 0 2 1 2 1 0 0 0 2 2 2 0 0 2 0 1 2 2 1 2 2 2 2 1 2 2 2 2 2 2 0 2 0 2 1 2 1 1 1 2 1 1 1 1 0 1 2 2 0 0 0 1 2 1 1 1 1 1 0 1 1 2 2 2 1 0 1 1 1 1 1 0 1 1 1 1 1 1 1 1 1 1 1 0 1 1 2 1 1 1 1 1 1 1 1 1 1 1 1 1 1 1 1 1 1 "
"eps1=0.82";"eps2=0.91";"minPts=5";"1 1 1 2 0 0 1 0 0 2 0 2 0 0 1 0 0 2 0 2 2 2 2 0 2 1 2 2 0 0 2 2 0 2 0 0 0 2 2 2 1 2 2 2 2 2 0 2 1 2 1 0 0 0 2 2 2 0 0 2 0 1 2 2 1 2 2 2 2 1 2 2 2 2 2 2 0 2 0 2 1 2 1 1 1 2 1 1 1 1 0 1 2 2 0 0 0 1 2 1 1 1 1 1 0 1 1 2 2 2 1 0 0 1 1 1 1 0 1 1 1 1 1 1 1 1 1 1 1 0 1 1 2 1 1 1 1 1 1 1 1 1 1 1 1 1 1 1 1 1 1 "
"eps1=0.82";"eps2=0.91";"minPts=6";"1 1 1 2 0 0 1 0 0 2 0 2 0 0 1 0 0 2 0 2 2 2 2 0 2 1 2 2 0 0 2 2 0 2 0 0 0 2 2 2 1 2 2 2 2 2 0 2 1 2 1 0 0 0 2 2 2 0 0 2 0 1 2 2 1 2 2 2 2 1 2 2 2 2 2 2 0 2 0 2 1 2 1 1 1 2 1 1 1 1 0 1 2 2 0 0 0 1 2 1 1 1 1 1 0 1 1 2 2 2 1 0 0 1 1 1 1 0 1 1 1 1 1 1 1 1 1 1 1 0 0 1 2 1 1 1 1 1 1 1 1 1 1 1 1 1 1 1 1 1 1 "
"eps1=0.82";"eps2=0.91";"minPts=7";"1 1 1 2 0 0 1 0 0 2 0 2 0 0 1 0 0 2 0 2 2 2 2 0 2 1 2 2 0 0 2 2 0 2 0 0 0 2 2 2 1 2 2 2 2 2 0 2 1 2 1 0 0 0 2 2 2 0 0 2 0 1 2 2 1 2 2 2 2 1 2 2 2 2 2 2 0 2 0 2 1 2 0 1 1 2 1 1 1 1 0 1 2 2 0 0 0 1 2 1 1 1 1 1 0 1 1 2 2 2 1 0 0 1 1 1 1 0 1 1 1 1 1 1 1 1 1 1 1 0 0 1 2 1 1 1 1 1 1 1 1 1 1 1 1 1 1 1 1 1 1 "
"eps1=0.82";"eps2=0.91";"minPts=8";"0 1 1 2 0 0 1 0 0 2 0 2 0 0 1 0 0 2 0 2 2 2 2 0 2 0 2 2 0 0 2 2 0 2 0 0 0 2 2 2 1 2 2 2 2 2 0 2 1 2 1 0 0 0 2 2 2 0 0 2 0 1 2 2 1 2 2 2 2 1 2 2 2 2 2 2 0 2 0 2 1 2 0 1 1 2 1 1 1 1 0 1 2 2 0 0 0 1 2 1 1 1 1 1 0 1 1 0 2 2 1 0 0 1 1 1 1 0 1 1 1 1 1 1 1 1 1 1 1 0 0 1 2 1 1 1 1 1 1 1 1 1 1 1 1 1 1 1 1 1 1 "
"eps1=0.82";"eps2=0.91";"minPts=9";"0 0 1 2 0 0 1 0 0 2 0 2 0 0 1 0 0 2 0 2 2 2 2 0 2 0 2 2 0 0 2 2 0 2 0 0 0 2 2 2 1 2 2 2 2 2 0 2 1 2 1 0 0 0 2 2 2 0 0 2 0 1 2 2 1 2 2 2 2 0 2 2 2 2 2 2 0 2 0 2 2 2 0 2 2 2 1 2 2 2 0 1 2 2 0 0 0 1 2 2 2 2 1 2 0 1 1 2 2 2 2 0 0 2 2 2 1 0 1 1 1 2 2 1 1 1 1 1 1 0 0 1 2 2 1 1 1 1 1 1 1 2 1 1 1 1 1 1 1 1 1 "
"eps1=0.83";"eps2=0.91";"minPts=4";"1 1 1 2 0 0 1 0 0 2 0 2 0 0 1 0 0 2 0 2 2 2 2 0 2 1 2 2 0 0 2 2 0 2 0 0 0 2 2 2 1 2 2 2 2 2 0 2 1 2 1 0 0 0 2 2 2 0 0 2 0 1 2 2 1 2 2 2 2 1 2 2 2 2 2 2 0 2 0 2 1 0 1 1 1 2 1 1 1 1 0 1 2 2 0 0 0 1 2 1 1 1 1 2 0 1 1 2 2 2 1 0 1 1 1 1 1 0 1 1 1 2 1 1 1 1 1 1 1 0 0 1 0 1 1 1 1 1 1 1 1 1 1 1 1 1 1 1 1 1 1 "
"eps1=0.83";"eps2=0.91";"minPts=5";"1 1 1 2 0 0 1 0 0 2 0 2 0 0 1 0 0 2 0 2 2 2 2 0 2 1 2 2 0 0 2 2 0 2 0 0 0 2 2 2 1 2 2 2 2 2 0 2 1 2 1 0 0 0 2 2 2 0 0 2 0 1 2 2 1 2 2 2 2 1 2 2 2 2 2 2 0 2 0 2 1 0 1 1 1 2 1 1 1 1 0 1 2 2 0 0 0 1 2 1 1 1 1 2 0 1 1 2 2 2 1 0 0 1 1 1 1 0 1 1 1 2 1 1 1 1 1 1 1 0 0 1 0 1 1 1 1 1 1 1 1 1 1 1 1 1 1 1 1 1 1 "
"eps1=0.83";"eps2=0.91";"minPts=7";"1 1 1 2 0 0 1 0 0 2 0 2 0 0 1 0 0 2 0 2 2 2 2 0 2 1 2 2 0 0 2 2 0 2 0 0 0 2 2 2 1 2 2 2 2 2 0 2 1 2 1 0 0 0 2 2 2 0 0 2 0 1 2 2 1 2 2 2 2 1 2 2 2 2 2 2 0 2 0 2 1 0 0 1 1 2 1 1 1 1 0 1 2 2 0 0 0 1 2 1 1 1 1 2 0 1 1 2 2 2 1 0 0 1 1 1 1 0 1 1 1 2 1 1 1 1 1 1 1 0 0 1 0 1 1 1 1 1 1 1 1 1 1 1 1 1 1 1 1 1 1 "
"eps1=0.83";"eps2=0.91";"minPts=8";"0 0 1 2 0 0 1 0 0 2 0 2 0 0 1 0 0 2 0 2 2 2 2 0 2 0 2 2 0 0 2 2 0 2 0 0 0 2 2 2 1 2 2 2 2 2 0 2 1 2 1 0 0 0 2 2 2 0 0 2 0 1 2 2 1 2 2 2 2 0 2 2 2 2 2 2 0 2 0 2 2 0 0 2 2 2 1 2 2 2 0 1 2 2 0 0 0 1 2 2 2 2 1 2 0 1 1 2 2 2 2 0 0 2 2 2 1 0 1 2 1 2 2 1 1 1 1 1 1 0 0 1 0 2 2 1 1 2 1 1 1 2 1 1 1 1 1 1 1 1 1 "
"eps1=0.84";"eps2=0.91";"minPts=7";"0 1 1 2 0 0 1 0 0 2 0 2 0 0 1 0 0 2 0 2 2 2 2 0 2 0 2 2 0 0 2 2 0 2 0 0 0 2 2 2 1 2 2 2 2 2 0 2 1 2 1 0 0 0 2 2 2 0 0 2 0 1 2 2 1 2 2 2 2 1 2 0 2 2 2 2 0 2 0 2 1 0 0 1 1 2 1 1 1 1 0 1 2 0 0 0 0 1 2 1 1 1 1 2 0 1 1 2 0 2 1 0 0 1 1 1 1 0 1 1 1 2 1 1 1 1 1 1 1 0 0 1 0 1 1 1 1 1 1 1 1 1 1 1 1 1 1 1 1 1 1 "
"eps1=0.84";"eps2=0.91";"minPts=9";"0 0 1 2 0 0 1 0 0 2 0 2 0 0 1 0 0 2 0 2 2 2 2 0 2 0 2 2 0 0 2 2 0 2 0 0 0 2 2 2 1 2 2 2 2 2 0 2 1 2 1 0 0 0 2 2 2 0 0 2 0 1 2 2 1 2 2 2 2 0 2 2 2 2 2 2 0 2 0 2 2 0 0 2 2 2 1 2 2 2 0 2 2 2 0 0 0 1 2 2 2 2 1 2 0 2 2 2 2 2 2 0 0 2 2 2 1 0 1 2 1 2 2 2 1 1 2 1 2 0 0 2 0 2 2 1 2 2 2 2 1 2 1 2 1 2 1 2 2 2 2 "
"eps1=0.86";"eps2=0.9";"minPts=11";"0 0 1 2 0 2 1 0 0 2 0 2 0 0 1 0 0 2 1 2 2 0 2 0 2 1 0 2 0 0 1 2 0 1 0 0 0 1 1 1 1 1 1 1 2 2 1 1 0 1 1 0 0 0 0 1 1 0 0 1 1 1 1 1 1 1 2 1 1 1 1 0 1 1 1 1 1 1 0 1 1 0 1 1 1 1 1 1 1 1 0 1 1 1 1 1 1 0 1 1 1 1 0 1 0 1 1 1 0 1 1 0 0 1 1 1 1 0 1 1 1 1 1 1 1 1 1 1 1 0 0 1 1 1 1 1 1 1 1 1 1 1 1 1 1 1 0 1 1 1 1 "
"eps1=0.86";"eps2=0.9";"minPts=13";"0 0 1 2 0 2 1 0 0 2 0 2 0 0 1 0 0 2 1 2 2 0 2 0 2 1 0 2 0 0 1 2 0 1 0 0 0 1 1 1 1 1 1 1 2 2 1 1 0 1 1 0 0 0 0 1 1 0 0 1 1 1 1 1 1 1 2 1 1 1 1 0 1 1 1 1 1 1 0 1 1 0 0 1 1 1 1 1 1 1 0 1 1 1 1 1 1 0 1 1 1 1 0 1 0 1 1 1 0 1 1 0 0 1 1 1 1 0 1 1 1 1 1 1 1 1 1 1 1 0 0 1 1 1 1 1 1 1 1 1 1 1 1 1 1 1 0 1 1 1 1 "
"eps1=0.86";"eps2=0.91";"minPts=4";"1 1 1 2 0 0 1 0 0 2 0 2 0 0 1 0 0 2 0 2 2 0 2 0 2 1 2 2 0 0 2 2 0 2 0 0 0 2 2 0 1 2 2 2 2 2 0 2 1 2 1 0 0 0 0 2 2 0 0 2 0 1 2 2 1 2 2 2 2 1 2 2 2 2 2 2 0 2 0 2 1 0 1 1 1 2 1 1 1 1 0 1 2 2 0 0 0 1 2 1 1 1 1 2 0 1 1 0 0 2 1 0 1 1 1 1 1 0 1 1 1 2 1 1 1 1 1 1 1 0 0 1 0 1 1 1 1 1 1 1 1 1 1 1 1 1 1 1 1 1 1 "
"eps1=0.86";"eps2=0.91";"minPts=5";"1 1 1 2 0 0 1 0 0 2 0 2 0 0 1 0 0 2 0 2 2 0 2 0 2 1 2 2 0 0 2 2 0 2 0 0 0 2 2 0 1 2 2 2 2 2 0 2 1 2 1 0 0 0 0 2 2 0 0 2 0 1 2 2 1 2 2 2 2 1 2 2 2 2 2 2 0 2 0 2 1 0 1 1 1 2 1 1 1 1 0 1 2 2 0 0 0 1 2 1 1 1 1 2 0 1 1 0 0 2 1 0 0 1 1 1 1 0 1 1 1 2 1 1 1 1 1 1 1 0 0 1 0 1 1 1 1 1 1 1 1 1 1 1 1 1 1 1 1 1 1 "
"eps1=0.87";"eps2=0.9";"minPts=11";"0 0 1 2 0 2 1 0 0 2 0 2 0 0 0 0 0 2 1 2 2 0 2 0 0 1 0 2 0 0 1 2 0 1 0 0 0 1 1 1 1 1 1 1 2 2 1 1 0 1 1 0 0 0 0 1 1 0 0 1 1 1 1 1 1 1 2 1 1 1 1 0 1 1 1 0 1 1 0 1 1 0 1 1 1 1 1 1 1 1 0 1 1 1 1 1 1 0 1 1 1 1 0 1 0 1 1 1 0 1 1 0 0 1 1 1 1 0 1 1 1 1 1 1 1 1 1 1 1 0 0 1 1 1 1 1 1 1 1 1 1 1 1 1 1 1 0 1 1 1 1 "
"eps1=0.89";"eps2=0.89";"minPts=6";"0 1 2 0 0 0 2 1 0 0 0 1 0 0 0 0 1 1 2 1 1 0 1 1 1 2 1 1 0 0 1 1 1 1 0 0 0 1 1 0 2 1 1 1 1 1 2 1 0 1 1 0 0 0 1 1 1 0 0 0 1 1 1 1 1 1 1 1 1 1 1 0 1 1 1 1 0 1 0 1 1 0 1 1 1 1 1 1 1 1 0 1 1 1 1 0 1 0 1 1 1 1 0 1 2 1 1 1 0 1 1 0 0 1 1 1 1 0 1 1 1 1 1 1 1 0 1 1 1 0 1 1 1 1 1 1 1 1 1 1 1 1 1 1 1 1 1 1 1 1 1 "
"eps1=0.89";"eps2=0.9";"minPts=4";"0 1 2 0 0 3 2 1 0 3 0 1 0 3 0 0 1 1 2 1 1 0 1 3 1 2 1 1 0 0 1 1 3 1 0 0 0 1 1 2 2 1 1 1 1 1 2 1 0 1 1 0 0 0 0 1 1 0 0 0 1 1 1 1 1 1 1 1 1 1 1 0 1 1 1 1 2 1 0 1 1 0 1 1 1 1 1 1 1 1 0 1 1 1 2 2 1 0 1 1 1 1 0 1 0 1 1 0 0 2 1 0 0 1 1 1 1 0 2 1 1 1 1 1 1 0 1 1 1 0 1 1 1 1 1 1 1 1 1 1 1 1 1 1 1 1 1 1 1 1 1 "
"eps1=0.89";"eps2=0.9";"minPts=8";"0 0 1 2 0 2 1 0 0 2 0 2 0 2 0 0 0 2 1 2 2 0 2 2 2 1 2 2 0 0 2 2 2 2 0 0 0 2 2 1 1 2 2 2 2 2 1 2 0 2 1 0 0 0 0 2 2 0 0 0 1 1 2 2 1 1 2 2 2 0 2 0 2 2 2 0 1 2 0 1 1 0 1 1 1 1 1 1 1 1 0 1 1 0 1 1 1 0 1 1 1 1 0 1 0 1 1 0 0 1 1 0 0 1 1 1 1 0 1 1 1 1 1 1 1 0 1 1 1 0 0 1 0 1 1 1 1 1 1 1 1 1 1 1 1 1 0 1 1 1 1 "
"eps1=0.9";"eps2=0.89";"minPts=4";"0 1 2 0 0 0 2 1 0 0 0 1 0 0 3 0 1 1 2 1 0 2 1 1 1 2 1 1 0 0 1 1 0 1 0 0 0 1 1 2 2 1 1 1 1 1 2 1 3 1 1 0 0 0 1 1 1 0 0 0 1 1 1 1 1 1 1 1 1 1 1 0 1 1 1 1 2 1 0 1 1 0 1 1 1 1 1 1 1 1 0 1 1 1 1 3 1 3 1 1 1 1 3 1 1 1 1 1 0 1 1 0 0 1 1 1 1 0 1 1 1 1 1 1 1 0 1 1 1 0 1 0 0 1 1 1 1 1 1 1 1 1 1 1 1 1 1 1 1 1 1 "
"eps1=0.9";"eps2=0.89";"minPts=5";"0 1 2 0 0 0 2 1 0 0 0 1 0 0 0 0 1 1 2 1 0 0 1 1 1 2 1 1 0 0 1 1 0 1 0 0 0 1 1 0 2 1 1 1 1 1 2 1 0 1 1 0 0 0 1 1 1 0 0 0 1 1 1 1 1 1 1 1 1 1 1 0 1 1 1 1 0 1 0 1 1 0 1 1 1 1 1 1 1 1 0 1 1 1 1 0 1 0 1 1 1 1 0 1 2 1 1 1 0 1 1 0 0 1 1 1 1 0 1 1 1 1 1 1 1 0 1 1 1 0 1 0 0 1 1 1 1 1 1 1 1 1 1 1 1 1 1 1 1 1 1 "
"eps1=0.9";"eps2=0.89";"minPts=6";"0 1 2 0 0 0 2 1 0 0 0 1 0 0 0 0 1 1 2 1 0 0 1 1 1 2 1 1 0 0 1 1 0 1 0 0 0 1 1 0 2 1 1 1 1 1 2 1 0 1 1 0 0 0 1 1 1 0 0 0 1 1 1 1 1 1 1 1 1 1 1 0 1 1 1 1 0 1 0 1 1 0 1 1 1 1 1 1 1 1 0 1 1 0 1 0 1 0 1 1 1 1 0 1 2 1 1 1 0 1 1 0 0 1 1 1 1 0 1 1 1 1 1 1 1 0 1 1 1 0 1 0 0 1 1 1 1 1 1 1 1 1 1 1 1 1 1 1 1 1 1 "
"eps1=0.9";"eps2=0.9";"minPts=4";"0 1 2 0 0 3 2 1 0 0 0 1 0 3 0 0 1 1 2 1 0 0 1 3 1 2 1 1 0 0 3 1 3 1 0 0 0 1 1 2 2 1 1 1 1 1 2 1 0 1 1 0 0 0 0 1 1 0 0 0 2 1 1 1 1 1 1 1 1 1 1 0 1 1 1 1 2 1 0 1 1 0 1 1 1 1 1 1 1 1 0 1 1 0 2 0 1 0 1 1 1 1 0 1 0 1 1 0 0 2 1 0 0 1 1 1 1 0 2 1 1 1 1 1 1 0 1 1 1 0 1 0 0 1 1 1 1 1 1 1 1 1 1 1 1 1 1 1 1 1 1 "
"eps1=0.91";"eps2=0.83";"minPts=9";"0 1 0 2 0 0 2 2 0 0 0 2 0 2 0 2 2 2 0 2 2 0 2 0 2 1 2 2 0 2 2 2 2 1 0 1 0 2 1 1 1 1 1 1 1 1 1 1 0 1 1 0 1 1 1 1 1 1 1 1 1 0 1 1 1 1 1 1 1 1 1 0 1 1 1 1 1 1 0 1 1 1 1 1 1 1 1 1 1 1 1 1 1 1 1 0 1 0 1 1 1 1 1 1 1 1 1 1 0 1 1 0 0 1 1 1 1 0 1 1 1 1 1 1 1 0 1 1 1 0 1 1 1 1 1 1 1 1 1 1 1 1 1 1 1 1 1 1 1 1 1 "
"eps1=0.91";"eps2=0.83";"minPts=10";"0 1 0 2 0 0 2 2 0 0 0 2 0 2 0 2 2 2 0 2 2 0 2 0 2 1 2 2 0 2 2 0 0 1 0 1 0 2 1 1 1 1 1 1 1 1 1 1 0 1 1 0 1 1 1 1 1 1 1 1 1 0 1 1 1 1 1 1 1 1 1 0 1 1 1 1 1 1 0 1 1 1 1 1 1 1 1 1 1 1 1 1 1 1 1 0 1 0 1 1 1 1 1 1 1 1 1 1 0 1 1 0 0 1 1 1 1 0 1 1 1 1 1 1 1 0 1 1 1 0 1 1 1 1 1 1 1 1 1 1 1 1 1 1 1 1 1 1 1 1 1 "
"eps1=0.91";"eps2=0.83";"minPts=11";"0 1 0 2 0 0 2 2 0 0 0 2 0 2 0 2 0 2 0 0 0 0 2 0 0 1 0 2 0 2 2 0 0 1 0 1 0 2 1 1 1 1 1 1 1 1 1 1 0 1 1 0 1 1 1 1 1 1 1 1 1 0 1 1 1 1 1 1 1 1 1 0 1 1 1 1 1 1 0 1 1 1 1 1 1 1 1 1 1 1 1 1 1 1 1 0 1 0 1 1 1 1 1 1 1 1 1 1 0 1 1 0 0 1 1 1 1 0 1 1 1 1 1 1 1 0 1 1 1 0 1 1 1 1 1 1 1 1 1 1 1 1 1 1 1 1 1 1 1 1 1 "
"eps1=0.91";"eps2=0.84";"minPts=8";"1 1 0 2 0 0 2 2 0 0 1 2 0 2 0 2 2 2 0 2 2 0 2 0 2 1 2 2 0 2 2 2 2 1 0 1 0 2 1 1 1 1 1 1 1 1 0 1 0 1 1 0 0 1 1 1 1 1 1 1 1 0 1 1 1 1 1 1 1 1 1 0 1 1 1 1 1 1 0 1 1 1 1 1 1 1 1 1 1 1 1 1 1 1 1 0 1 0 1 1 1 1 1 1 1 1 1 1 0 1 1 0 0 1 1 1 1 0 1 1 1 1 1 1 1 1 1 1 1 0 1 1 1 1 1 1 1 1 1 1 1 1 1 1 1 1 1 1 1 1 1 "
"eps1=0.91";"eps2=0.84";"minPts=9";"0 1 0 2 0 0 2 2 0 0 0 2 0 2 0 2 2 2 0 2 2 0 2 0 2 1 2 2 0 2 2 2 2 1 0 1 0 2 1 1 1 1 1 1 1 1 0 1 0 1 1 0 0 1 1 1 1 1 1 1 1 0 1 1 1 1 1 1 1 1 1 0 1 1 1 1 1 1 0 1 1 1 1 1 1 1 1 1 1 1 1 1 1 1 1 0 1 0 1 1 1 1 1 1 1 1 1 1 0 1 1 0 0 1 1 1 1 0 1 1 1 1 1 1 1 1 1 1 1 0 1 1 1 1 1 1 1 1 1 1 1 1 1 1 1 1 1 1 1 1 1 "
"eps1=0.91";"eps2=0.84";"minPts=10";"0 1 0 2 0 0 2 2 0 0 0 2 0 2 0 2 0 2 0 0 0 0 2 0 0 1 0 2 0 2 2 0 0 1 0 1 0 2 1 1 1 1 1 1 1 1 0 1 0 1 1 0 0 1 1 1 1 1 1 1 1 0 1 1 1 1 1 1 1 1 1 0 1 1 1 1 1 1 0 1 1 1 1 1 1 1 1 1 1 1 1 1 1 1 1 0 1 0 1 1 1 1 1 1 1 1 1 1 0 1 1 0 0 1 1 1 1 0 1 1 1 1 1 1 1 0 1 1 1 0 1 1 1 1 1 1 1 1 1 1 1 1 1 1 1 1 1 1 1 1 1 "
"eps1=0.91";"eps2=0.85";"minPts=6";"1 1 0 2 0 0 2 2 0 0 1 2 2 2 0 2 2 2 2 2 0 0 2 0 2 1 2 2 0 2 2 2 2 1 0 1 0 2 1 1 2 1 1 1 1 1 2 1 0 1 1 0 0 1 1 1 1 1 1 1 1 0 1 1 1 1 1 1 1 1 1 0 1 1 1 1 1 1 0 1 1 0 1 1 1 1 1 1 1 1 1 1 1 1 1 0 1 0 1 1 1 1 0 1 1 1 1 1 0 1 1 1 0 1 1 1 1 0 1 1 1 1 1 1 1 0 1 1 1 0 1 1 1 1 1 1 1 1 1 1 1 1 1 1 1 1 1 1 1 1 1 "
"eps1=0.91";"eps2=0.85";"minPts=7";"1 1 0 2 0 0 2 2 0 0 1 2 2 2 0 2 2 2 2 2 0 0 2 0 2 1 2 2 0 2 2 2 0 1 0 1 0 2 1 1 2 1 1 1 1 1 2 1 0 1 1 0 0 1 1 1 1 1 1 1 1 0 1 1 1 1 1 1 1 1 1 0 1 1 1 1 1 1 0 1 1 0 1 1 1 1 1 1 1 1 1 1 1 1 1 0 1 0 1 1 1 1 0 1 1 1 1 1 0 1 1 0 0 1 1 1 1 0 1 1 1 1 1 1 1 0 1 1 1 0 1 1 1 1 1 1 1 1 1 1 1 1 1 1 1 1 1 1 1 1 1 "
"eps1=0.91";"eps2=0.85";"minPts=8";"1 1 0 2 0 0 2 2 0 0 1 2 0 2 0 2 2 2 0 2 0 0 2 0 2 1 2 2 0 2 2 0 0 1 0 1 0 2 1 1 2 1 1 1 1 1 0 1 0 1 1 0 0 1 1 1 1 1 1 1 1 0 1 1 1 1 1 1 1 1 1 0 1 1 1 1 1 1 0 1 1 0 1 1 1 1 1 1 1 1 1 1 1 1 1 0 1 0 1 1 1 1 0 1 1 1 1 1 0 1 1 0 0 1 1 1 1 0 1 1 1 1 1 1 1 0 1 1 1 0 1 1 1 1 1 1 1 1 1 1 1 1 1 1 1 1 1 1 1 1 1 "
"eps1=0.91";"eps2=0.85";"minPts=9";"0 1 0 2 0 0 2 2 0 0 0 2 0 2 0 2 0 2 0 0 0 0 2 0 0 1 0 2 0 2 2 0 0 1 0 1 0 2 1 1 2 1 1 1 1 1 0 1 0 1 1 0 0 1 1 1 1 1 1 1 1 0 1 1 1 1 1 1 1 1 1 0 1 1 1 1 1 1 0 1 1 0 1 1 1 1 1 1 1 1 1 1 1 1 1 0 1 0 1 1 1 1 0 1 1 1 1 1 0 1 1 0 0 1 1 1 1 0 1 1 1 1 1 1 1 0 1 1 1 0 1 1 1 1 1 1 1 1 1 1 1 1 1 1 1 1 1 1 1 1 1 "
"eps1=0.91";"eps2=0.85";"minPts=12";"0 1 0 2 0 0 2 2 0 0 0 2 0 2 0 2 0 2 0 0 0 0 2 0 0 1 0 2 0 2 2 0 0 1 0 1 0 2 1 1 2 1 1 1 1 1 0 1 0 1 1 0 0 0 1 1 1 0 1 0 1 0 1 1 1 1 1 1 1 1 1 0 1 1 1 1 1 1 0 1 1 0 1 1 1 1 1 1 1 1 1 1 1 0 1 0 1 0 1 1 1 1 0 1 1 1 1 1 0 1 1 0 0 1 1 1 1 0 1 1 1 1 1 1 1 0 1 1 1 0 1 1 1 1 1 1 1 1 1 1 1 1 1 1 1 1 1 1 1 1 1 "
"eps1=0.91";"eps2=0.86";"minPts=4";"1 1 2 0 0 0 2 0 0 0 1 2 2 2 0 2 2 2 2 2 0 2 2 0 2 2 2 2 0 0 2 2 2 1 0 1 0 2 1 1 2 1 1 1 1 1 2 1 0 1 1 0 0 1 1 1 1 1 1 1 1 2 1 1 1 1 1 1 1 1 1 0 1 1 1 1 1 1 2 1 1 0 1 1 1 1 1 1 1 1 1 1 1 1 1 1 1 0 1 1 1 1 0 1 1 1 1 1 0 1 1 1 0 1 1 1 1 0 1 1 1 1 1 1 1 0 1 1 1 0 1 1 1 1 1 1 1 1 1 1 1 1 1 1 1 1 1 1 1 1 1 "
"eps1=0.91";"eps2=0.86";"minPts=5";"1 1 2 0 0 0 2 0 0 0 1 2 2 2 0 2 2 2 2 2 0 0 2 0 2 2 2 2 0 0 2 2 2 1 0 1 0 2 1 1 2 1 1 1 1 1 2 1 0 1 1 0 0 1 1 1 1 1 1 1 1 0 1 1 1 1 1 1 1 1 1 0 1 1 1 1 1 1 0 1 1 0 1 1 1 1 1 1 1 1 1 1 1 1 1 1 1 0 1 1 1 1 0 1 1 1 1 1 0 1 1 1 0 1 1 1 1 0 1 1 1 1 1 1 1 0 1 1 1 0 1 1 1 1 1 1 1 1 1 1 1 1 1 1 1 1 1 1 1 1 1 "
"eps1=0.91";"eps2=0.86";"minPts=6";"1 1 2 0 0 0 2 0 0 0 1 2 2 2 0 2 2 2 2 2 0 0 2 0 2 2 2 2 0 0 0 2 2 1 0 1 0 2 1 1 2 1 1 1 1 1 2 1 0 1 1 0 0 1 1 1 1 1 1 1 1 0 1 1 1 1 1 1 1 1 1 0 1 1 1 1 1 1 0 1 1 0 1 1 1 1 1 1 1 1 1 1 1 1 1 0 1 0 1 1 1 1 0 1 1 1 1 1 0 1 1 1 0 1 1 1 1 0 1 1 1 1 1 1 1 0 1 1 1 0 1 1 1 1 1 1 1 1 1 1 1 1 1 1 1 1 1 1 1 1 1 "
"eps1=0.91";"eps2=0.86";"minPts=7";"1 1 0 2 0 0 0 2 0 0 1 2 0 2 0 2 2 2 0 2 0 0 2 0 2 2 2 2 0 2 2 2 0 1 0 1 0 2 1 1 2 1 1 1 1 1 0 1 0 1 1 0 0 1 1 1 1 1 1 1 1 0 1 1 1 1 1 1 1 1 1 0 1 1 1 1 1 1 0 1 1 0 1 1 1 1 1 1 1 1 1 1 1 1 1 0 1 0 1 1 1 1 0 1 1 1 1 1 0 1 1 0 0 1 1 1 1 0 1 1 1 1 1 1 1 0 1 1 1 0 1 1 1 1 1 1 1 1 1 1 1 1 1 1 1 1 1 1 1 1 1 "
"eps1=0.91";"eps2=0.86";"minPts=8";"1 1 0 2 0 0 0 2 0 0 1 2 0 2 0 2 2 2 0 2 0 0 2 0 2 2 2 2 0 2 2 0 0 1 0 1 0 2 1 1 2 1 1 1 1 1 0 1 0 1 1 0 0 1 1 1 1 1 1 1 1 0 1 1 1 1 1 1 1 1 1 0 1 1 1 1 1 1 0 1 1 0 1 1 1 1 1 1 1 1 1 1 1 1 1 0 1 0 1 1 1 1 0 1 1 1 1 1 0 1 1 0 0 1 1 1 1 0 1 1 1 1 1 1 1 0 1 1 1 0 1 1 1 1 1 1 1 1 1 1 1 1 1 1 1 1 1 1 1 1 1 "
"eps1=0.91";"eps2=0.86";"minPts=9";"0 1 0 2 0 0 0 2 0 0 0 2 0 2 0 2 0 2 0 2 0 0 2 0 0 2 2 2 0 2 2 0 0 1 0 1 0 2 1 1 2 1 1 1 1 1 0 1 0 1 1 0 0 0 1 1 1 0 1 0 1 0 1 1 1 1 1 1 1 1 1 0 1 1 1 1 1 1 0 1 1 0 1 1 1 1 1 1 1 1 1 1 1 0 1 0 1 0 1 1 1 1 0 1 1 1 1 1 0 1 1 0 0 1 1 1 1 0 1 1 1 1 1 1 1 0 1 1 1 0 1 1 1 1 1 1 1 1 1 1 1 1 1 1 1 1 1 1 1 1 1 "
"eps1=0.91";"eps2=0.86";"minPts=10";"0 1 0 0 0 2 0 2 0 0 0 0 0 2 0 2 0 0 0 2 2 0 2 0 2 0 0 2 0 0 2 0 2 1 0 1 0 2 1 1 0 1 1 1 1 1 0 1 0 1 1 0 0 0 1 1 1 0 1 0 1 0 1 1 1 1 1 1 1 1 1 0 1 1 1 1 1 1 0 1 1 0 1 1 1 1 1 1 1 1 1 1 1 0 1 0 1 0 1 1 1 1 0 1 1 1 1 1 0 1 1 0 0 1 1 1 1 0 1 1 1 1 1 1 1 0 1 1 1 0 1 1 1 1 1 1 1 1 1 1 1 1 1 1 1 1 1 1 1 1 1 "
"eps1=0.91";"eps2=0.87";"minPts=4";"1 1 2 3 0 0 2 3 0 0 1 2 2 0 0 3 0 2 2 2 0 2 2 0 2 2 2 2 0 3 3 0 2 2 0 2 0 2 2 2 2 2 2 2 2 2 2 2 0 2 2 0 0 0 2 2 2 0 0 0 2 0 2 2 2 2 2 1 1 1 1 0 1 1 1 1 1 1 0 1 1 0 2 1 1 1 2 1 1 1 0 1 1 1 2 0 1 0 1 1 1 1 2 1 1 1 1 1 0 2 1 0 0 1 1 1 1 0 1 1 1 1 1 1 1 0 1 1 1 0 1 1 1 1 1 1 1 1 1 1 1 1 1 1 1 1 1 1 1 1 1 "
"eps1=0.91";"eps2=0.87";"minPts=5";"1 1 2 0 0 0 2 0 0 0 1 2 2 0 0 0 0 2 2 2 0 2 2 0 2 2 2 2 0 0 0 0 2 2 0 2 0 2 2 2 2 2 2 2 2 2 2 2 0 2 2 0 0 0 2 2 2 0 0 0 2 0 2 2 2 2 2 1 1 1 1 0 1 1 1 1 1 1 0 1 1 0 2 1 1 1 2 1 1 1 0 1 1 1 2 0 1 0 1 1 1 1 2 1 1 1 1 1 0 2 1 0 0 1 1 1 1 0 1 1 1 1 1 1 1 0 1 1 1 0 1 1 1 1 1 1 1 1 1 1 1 1 1 1 1 1 1 1 1 1 1 "
"eps1=0.91";"eps2=0.87";"minPts=7";"0 1 2 0 0 0 2 0 0 0 0 2 2 0 0 0 0 2 2 2 0 2 2 0 2 2 2 2 0 0 0 0 2 2 0 2 0 2 2 2 2 2 2 2 2 2 2 2 0 2 2 0 0 0 2 2 2 0 0 0 2 0 2 2 2 2 2 1 1 1 1 0 2 1 1 0 1 1 0 1 1 0 2 1 1 1 2 1 1 1 0 1 1 1 2 0 1 0 1 1 1 1 2 1 1 1 1 1 0 2 1 0 0 1 1 1 1 0 1 1 1 1 1 1 1 0 1 1 1 0 1 1 2 1 1 1 1 1 1 1 1 1 1 1 1 1 1 1 1 1 1 "
"eps1=0.91";"eps2=0.88";"minPts=4";"1 1 2 0 0 0 2 0 0 0 1 2 0 0 0 0 0 2 2 2 0 2 2 0 2 2 2 2 0 0 0 0 2 2 0 2 0 2 2 2 2 2 2 2 2 2 2 2 0 2 2 0 0 0 2 2 2 0 0 0 2 0 2 2 2 2 2 1 1 1 1 0 2 1 1 0 1 1 0 1 1 0 2 1 1 1 2 1 1 1 0 1 1 1 2 0 1 0 1 1 1 1 2 1 2 1 1 1 0 2 1 0 0 1 1 1 1 0 1 1 1 1 1 1 1 0 1 1 1 0 1 1 2 1 1 1 1 1 1 1 1 1 1 1 1 1 1 1 1 1 1 "
"eps1=0.91";"eps2=0.88";"minPts=6";"0 1 2 0 0 0 2 0 0 0 0 2 0 0 0 0 0 2 2 2 0 2 2 0 2 2 2 2 0 0 0 0 2 2 0 2 0 2 2 2 2 2 2 2 2 2 2 2 0 2 2 0 0 0 2 2 2 0 0 0 2 0 2 2 2 2 2 1 1 1 1 0 2 1 1 0 1 1 0 1 1 0 2 1 1 1 2 1 1 1 0 1 1 1 2 0 1 0 1 1 1 1 0 1 2 1 1 1 0 2 1 0 0 1 1 1 1 0 1 1 1 1 1 1 1 0 1 1 1 0 1 1 2 1 1 1 1 1 1 1 1 1 1 1 1 1 0 1 1 1 1 "
"eps1=0.92";"eps2=0.83";"minPts=4";"1 1 2 0 0 0 2 2 0 0 1 2 2 2 0 2 2 2 2 2 2 2 2 0 2 1 2 2 0 0 2 2 2 2 0 2 0 2 2 2 2 2 2 2 2 2 2 2 1 2 2 0 1 2 2 2 2 2 1 2 2 2 2 2 2 2 2 1 1 1 1 0 1 1 1 1 1 2 0 1 1 1 2 1 1 1 2 1 1 1 1 1 1 1 1 1 1 1 1 1 1 1 2 2 1 1 1 1 1 1 1 1 0 1 1 1 1 0 1 1 1 1 1 1 1 0 1 1 1 0 1 1 1 1 1 1 1 1 1 1 1 1 1 1 1 1 1 1 1 1 1 "
"eps1=0.92";"eps2=0.83";"minPts=5";"1 1 0 2 0 0 0 2 0 0 1 2 0 2 0 2 2 2 0 2 2 0 2 0 2 1 2 2 0 0 2 2 2 2 0 2 0 2 2 2 2 2 2 2 2 2 0 2 1 2 2 0 1 2 2 2 2 2 1 2 2 0 2 2 2 2 2 1 1 1 1 0 1 1 1 1 1 2 0 1 1 1 2 1 1 1 2 1 1 1 1 1 1 1 1 0 1 0 1 1 1 1 2 2 1 1 1 1 1 2 1 1 0 1 1 1 1 0 1 1 1 1 1 1 1 0 1 1 1 0 1 1 1 1 1 1 1 1 1 1 1 1 1 1 1 1 1 1 1 1 1 "
"eps1=0.92";"eps2=0.83";"minPts=6";"1 1 0 2 0 0 0 2 0 0 1 2 0 2 0 2 2 2 0 2 2 0 2 0 2 1 2 2 0 0 2 2 2 2 0 2 0 2 2 2 2 2 2 2 2 2 0 2 0 2 2 0 1 0 2 2 2 0 1 0 2 0 2 2 2 2 2 1 1 1 1 0 1 1 1 1 1 2 0 1 1 1 2 1 1 1 2 1 1 1 1 1 1 1 1 0 1 0 1 1 1 1 2 2 1 1 1 1 0 0 1 1 0 1 1 1 1 0 1 1 1 1 1 1 1 0 1 1 1 0 1 1 1 1 1 1 1 1 1 1 1 1 1 1 1 1 1 1 1 1 1 "
"eps1=0.92";"eps2=0.83";"minPts=7";"0 1 0 2 0 0 0 2 0 0 0 2 0 2 0 2 2 2 0 2 2 0 2 0 2 1 2 2 0 0 2 2 2 2 0 2 0 2 2 2 2 2 2 2 2 2 0 2 0 2 2 0 1 0 2 2 2 0 1 0 2 0 2 2 2 2 2 1 1 1 1 0 1 1 1 1 1 2 0 1 1 1 2 1 1 1 2 1 1 1 1 1 1 1 1 0 1 0 1 1 1 1 2 2 1 1 1 1 0 0 1 1 0 1 1 1 1 0 1 1 1 1 1 1 1 0 1 1 1 0 1 1 1 1 1 1 1 1 1 1 1 1 1 1 1 1 1 1 1 1 1 "
"eps1=0.92";"eps2=0.83";"minPts=9";"0 1 0 2 0 0 0 2 0 0 0 2 0 2 0 2 2 2 0 2 2 0 2 0 2 1 2 2 0 0 2 2 2 2 0 2 0 2 2 2 2 2 2 2 2 2 0 2 0 2 2 0 1 0 2 2 2 0 1 0 2 0 2 2 2 2 2 1 1 1 1 0 1 1 1 1 1 2 0 1 1 1 2 1 1 1 2 1 1 1 1 1 1 1 1 0 1 0 1 1 1 1 2 2 1 1 1 1 0 0 1 0 0 1 1 1 1 0 1 1 1 1 1 1 1 0 1 1 1 0 1 1 1 1 1 1 1 1 1 1 1 1 1 1 1 1 1 1 1 1 1 "
"eps1=0.92";"eps2=0.83";"minPts=12";"0 1 0 2 0 0 0 2 0 0 0 2 0 2 0 2 2 2 0 2 2 0 2 0 2 1 2 2 0 0 2 2 2 2 0 2 0 2 2 2 2 2 2 2 2 2 0 2 0 2 2 0 1 0 2 2 2 0 1 0 2 0 2 2 2 2 2 1 1 1 1 0 1 1 1 1 1 2 0 1 1 1 2 1 1 1 2 1 1 1 1 1 1 0 1 0 1 0 1 1 1 1 2 2 1 1 1 1 0 0 1 0 0 0 1 1 1 0 1 1 1 1 1 1 1 0 1 1 1 0 1 0 1 1 1 1 1 1 1 1 1 1 1 1 1 1 1 1 1 1 1 "
"eps1=0.92";"eps2=0.83";"minPts=15";"0 1 0 2 0 0 0 2 0 0 0 2 0 2 0 2 2 2 0 2 2 0 2 0 2 1 2 2 0 0 2 2 2 2 0 2 0 2 2 2 2 2 2 2 2 2 0 2 0 2 2 0 1 0 2 2 2 0 1 0 2 0 2 2 2 2 2 1 1 1 1 0 1 1 1 1 1 2 0 1 1 1 0 1 1 1 0 1 1 1 1 1 1 0 1 0 1 0 1 1 1 1 0 2 1 1 1 1 0 0 1 0 0 0 1 1 1 0 1 1 1 1 1 1 1 0 1 1 1 0 1 0 1 1 1 1 1 1 1 1 1 1 1 1 1 1 1 1 1 1 1 "
"eps1=0.92";"eps2=0.84";"minPts=4";"1 1 0 2 0 0 0 2 0 0 1 2 0 2 0 2 2 2 0 2 2 0 2 0 2 1 2 2 0 0 2 2 2 2 0 2 0 2 2 2 2 2 2 2 2 2 0 2 1 2 2 0 0 2 2 2 2 2 1 2 2 0 2 2 2 2 2 1 1 1 1 0 1 1 1 1 1 2 0 1 1 1 2 1 1 1 2 1 1 1 1 1 1 1 1 1 1 1 1 1 1 1 2 2 1 1 1 1 1 1 1 1 0 1 1 1 1 0 1 1 1 1 1 1 1 0 1 1 1 0 1 1 1 1 1 1 1 1 1 1 1 1 1 1 1 1 1 1 1 1 1 "
"eps1=0.92";"eps2=0.84";"minPts=5";"1 1 0 2 0 0 0 2 0 0 1 2 0 2 0 2 2 2 0 2 2 0 2 0 2 1 2 2 0 0 2 2 2 2 0 2 0 2 2 2 2 2 2 2 2 2 0 2 1 2 2 0 0 2 2 2 2 2 1 2 2 0 2 2 2 2 2 1 1 1 1 0 1 1 1 1 1 2 0 1 1 1 2 1 1 1 2 1 1 1 1 1 1 1 1 0 1 0 1 1 1 1 2 2 1 1 1 1 1 2 1 1 0 1 1 1 1 0 1 1 1 1 1 1 1 0 1 1 1 0 1 1 1 1 1 1 1 1 1 1 1 1 1 1 1 1 1 1 1 1 1 "
"eps1=0.92";"eps2=0.84";"minPts=6";"1 1 0 2 0 0 0 2 0 0 1 2 0 2 0 2 2 2 0 2 2 0 2 0 2 1 2 2 0 0 2 2 2 2 0 2 0 2 2 2 2 2 2 2 2 2 0 2 0 2 2 0 0 0 2 2 2 0 1 0 2 0 2 2 2 2 2 1 1 1 1 0 1 1 1 1 1 2 0 1 1 1 2 1 1 1 2 1 1 1 1 1 1 1 1 0 1 0 1 1 1 1 2 2 1 1 1 1 0 0 1 1 0 1 1 1 1 0 1 1 1 1 1 1 1 0 1 1 1 0 1 1 1 1 1 1 1 1 1 1 1 1 1 1 1 1 1 1 1 1 1 "
"eps1=0.92";"eps2=0.84";"minPts=7";"0 1 0 2 0 0 0 2 0 0 0 2 0 2 0 2 2 2 0 2 2 0 2 0 2 1 2 2 0 0 2 2 2 2 0 2 0 2 2 2 2 2 2 2 2 2 0 2 0 2 2 0 0 0 2 2 2 0 1 0 2 0 2 2 2 2 2 1 1 1 1 0 1 1 1 1 1 2 0 1 1 1 2 1 1 1 2 1 1 1 1 1 1 1 1 0 1 0 1 1 1 1 2 2 1 1 1 1 0 0 1 1 0 1 1 1 1 0 1 1 1 1 1 1 1 0 1 1 1 0 1 1 1 1 1 1 1 1 1 1 1 1 1 1 1 1 1 1 1 1 1 "
"eps1=0.92";"eps2=0.84";"minPts=9";"0 1 0 2 0 0 0 2 0 0 0 2 0 2 0 2 2 2 0 2 2 0 2 0 2 1 2 2 0 0 2 2 2 2 0 2 0 2 2 2 2 2 2 2 2 2 0 2 0 2 2 0 0 0 2 2 2 0 1 0 2 0 2 2 2 2 2 1 1 1 1 0 1 1 1 1 1 2 0 1 1 1 2 1 1 1 2 1 1 1 1 1 1 1 1 0 1 0 1 1 1 1 2 2 1 1 1 1 0 0 1 0 0 1 1 1 1 0 1 1 1 1 1 1 1 0 1 1 1 0 1 1 1 1 1 1 1 1 1 1 1 1 1 1 1 1 1 1 1 1 1 "
"eps1=0.92";"eps2=0.84";"minPts=12";"0 1 0 2 0 0 0 2 0 0 0 2 0 2 0 2 2 2 0 2 2 0 2 0 2 1 2 2 0 0 2 2 2 2 0 2 0 2 2 2 2 2 2 2 2 2 0 2 0 2 2 0 0 0 2 2 2 0 1 0 2 0 2 2 2 2 2 1 1 1 1 0 1 1 1 1 1 2 0 1 1 0 2 1 1 1 2 1 1 1 1 1 1 0 1 0 1 0 1 1 1 1 2 2 1 1 1 1 0 0 1 0 0 0 1 1 1 0 1 1 1 1 1 1 1 0 1 1 1 0 1 1 1 1 1 1 1 1 1 1 1 1 1 1 1 1 1 1 1 1 1 "
"eps1=0.92";"eps2=0.84";"minPts=13";"0 1 0 2 0 0 0 2 0 0 0 2 0 2 0 2 2 2 0 2 2 0 2 0 2 1 2 2 0 0 2 2 2 2 0 2 0 2 2 2 2 2 2 2 2 2 0 2 0 2 2 0 0 0 2 2 2 0 1 0 2 0 2 2 2 2 2 1 1 1 1 0 1 1 1 1 1 2 0 1 1 0 2 1 1 1 2 1 1 1 1 1 1 0 1 0 1 0 1 1 1 1 2 2 1 1 1 1 0 0 1 0 0 0 1 1 1 0 1 1 1 1 1 1 1 0 1 1 1 0 1 0 1 1 1 1 1 1 0 1 1 1 1 1 1 1 1 1 1 1 1 "
"eps1=0.92";"eps2=0.85";"minPts=4";"1 1 0 2 0 0 0 2 0 0 1 2 0 2 0 2 2 2 0 2 0 0 2 0 2 1 2 2 0 0 2 2 2 2 0 2 0 2 2 2 2 2 2 2 2 2 0 2 1 2 2 0 0 2 2 2 2 2 1 2 2 0 2 2 2 2 2 1 1 1 1 0 1 1 1 1 1 2 0 1 1 0 2 1 1 1 2 1 1 1 1 1 1 1 2 0 1 0 1 1 1 1 2 2 1 1 1 1 1 2 1 1 0 1 1 1 1 0 1 1 1 1 1 1 1 0 1 1 1 0 1 1 0 1 1 1 1 1 1 1 1 1 1 1 1 1 1 1 1 1 1 "
"eps1=0.92";"eps2=0.85";"minPts=6";"1 1 0 2 0 0 0 2 0 0 1 2 0 2 0 2 2 2 0 2 0 0 2 0 2 1 2 2 0 0 2 2 2 2 0 2 0 2 2 2 2 2 2 2 2 2 0 2 0 2 2 0 0 0 2 2 2 0 1 0 2 0 2 2 2 2 2 1 1 1 1 0 1 1 1 1 1 2 0 1 1 0 2 1 1 1 2 1 1 1 1 1 1 1 2 0 1 0 1 1 1 1 2 2 1 1 1 1 0 0 1 1 0 1 1 1 1 0 1 1 1 1 1 1 1 0 1 1 1 0 1 1 0 1 1 1 1 1 1 1 1 1 1 1 1 1 1 1 1 1 1 "
"eps1=0.92";"eps2=0.85";"minPts=7";"0 1 0 2 0 0 0 2 0 0 0 2 0 2 0 2 2 2 0 2 0 0 2 0 2 1 2 2 0 0 2 2 2 2 0 2 0 2 2 2 2 2 2 2 2 2 0 2 0 2 2 0 0 0 2 2 2 0 1 0 2 0 2 2 2 2 2 1 1 1 1 0 1 1 1 1 1 2 0 1 1 0 2 1 1 1 2 1 1 1 1 1 1 1 2 0 1 0 1 1 1 1 2 2 1 1 1 1 0 0 1 1 0 1 1 1 1 0 1 1 1 1 1 1 1 0 1 1 1 0 1 1 0 1 1 1 1 1 1 1 1 1 1 1 1 1 1 1 1 1 1 "
"eps1=0.92";"eps2=0.85";"minPts=9";"0 1 0 2 0 0 0 2 0 0 0 2 0 2 0 2 2 2 0 2 0 0 2 0 2 1 2 2 0 0 2 2 2 2 0 2 0 2 2 2 2 2 2 2 2 2 0 2 0 2 2 0 0 0 2 2 2 0 1 0 2 0 2 2 2 2 2 1 1 1 1 0 1 1 1 1 1 2 0 1 1 0 2 1 1 1 2 1 1 1 1 1 1 1 2 0 1 0 1 1 1 1 2 2 1 1 1 1 0 0 1 0 0 1 1 1 1 0 1 1 1 1 1 1 1 0 1 1 1 0 1 1 0 1 1 1 1 1 1 1 1 1 1 1 1 1 1 1 1 1 1 "
"eps1=0.92";"eps2=0.85";"minPts=10";"0 1 0 2 0 0 0 2 0 0 0 2 0 2 0 2 2 2 0 2 0 0 2 0 2 1 2 2 0 0 2 2 2 2 0 2 0 2 2 2 2 2 2 2 2 2 0 2 0 2 2 0 0 0 2 2 2 0 1 0 2 0 2 2 2 2 2 1 1 1 1 0 1 1 1 1 1 2 0 1 1 0 2 1 1 1 2 1 1 1 1 1 1 0 2 0 1 0 1 1 1 1 2 2 1 1 1 1 0 0 1 0 0 0 1 1 1 0 1 1 1 1 1 1 1 0 1 1 1 0 1 1 0 1 1 1 1 1 1 1 1 1 1 1 1 1 1 1 1 1 1 "
"eps1=0.92";"eps2=0.85";"minPts=12";"0 1 0 2 0 0 0 2 0 0 0 2 0 2 0 2 2 2 0 2 0 0 2 0 2 1 2 2 0 0 2 2 2 2 0 2 0 2 2 2 0 2 2 2 2 2 0 2 0 2 2 0 0 0 2 2 2 0 1 0 2 0 2 2 2 2 2 1 1 1 1 0 1 1 1 1 1 2 0 1 1 0 0 1 1 1 0 1 1 1 1 1 1 0 2 0 1 0 1 1 1 1 0 2 1 1 1 1 0 0 1 0 0 0 1 1 1 0 1 1 1 1 1 1 1 0 1 1 1 0 1 1 0 1 1 1 1 1 1 1 1 1 1 1 1 1 1 1 1 1 1 "
"eps1=0.92";"eps2=0.86";"minPts=4";"1 1 2 3 0 0 2 3 0 0 1 3 2 3 0 3 3 3 2 3 0 2 3 0 3 2 3 3 0 0 3 3 3 2 0 2 0 3 2 2 2 2 2 2 2 2 2 2 0 2 2 0 0 0 2 2 2 0 2 0 2 2 2 2 2 2 2 1 1 1 1 0 1 1 1 1 1 2 0 1 1 0 2 1 1 1 2 1 1 1 1 1 1 1 2 0 1 0 1 1 1 1 2 3 1 1 1 1 0 2 1 0 0 1 1 1 1 0 1 1 1 1 1 1 1 0 1 1 1 0 1 1 0 1 1 1 1 1 1 1 1 1 1 1 1 1 1 1 1 1 1 "
"eps1=0.92";"eps2=0.86";"minPts=5";"1 1 0 2 0 0 0 2 0 0 1 2 0 2 0 2 2 2 0 2 0 0 2 0 2 2 2 2 0 0 2 2 2 2 0 2 0 2 2 2 2 2 2 2 2 2 0 2 0 2 2 0 0 0 2 2 2 0 2 0 2 0 2 2 2 2 2 1 1 1 1 0 1 1 1 1 1 2 0 1 1 0 2 1 1 1 2 1 1 1 1 1 1 1 2 0 1 0 1 1 1 1 2 2 1 1 1 1 0 2 1 2 0 1 1 1 1 0 1 1 1 1 1 1 1 0 1 1 1 0 1 1 0 1 1 1 1 1 1 1 1 1 1 1 1 1 1 1 1 1 1 "
"eps1=0.92";"eps2=0.86";"minPts=6";"1 1 0 2 0 0 0 2 0 0 1 2 0 2 0 2 2 2 0 2 0 0 2 0 2 2 2 2 0 0 2 2 2 2 0 2 0 2 2 2 2 2 2 2 2 2 0 2 0 2 2 0 0 0 2 2 2 0 2 0 2 0 2 2 2 2 2 1 1 1 1 0 1 1 1 1 1 2 0 1 1 0 2 1 1 1 2 1 1 1 1 1 1 1 2 0 1 0 1 1 1 1 2 2 1 1 1 1 0 0 1 0 0 1 1 1 1 0 1 1 1 1 1 1 1 0 1 1 1 0 1 1 0 1 1 1 1 1 1 1 1 1 1 1 1 1 1 1 1 1 1 "
"eps1=0.92";"eps2=0.86";"minPts=7";"0 1 0 2 0 0 0 2 0 0 0 2 0 2 0 2 2 2 0 2 0 0 2 0 2 2 2 2 0 0 2 2 2 2 0 2 0 2 2 2 2 2 2 2 2 2 0 2 0 2 2 0 0 0 2 2 2 0 2 0 2 0 2 2 2 2 2 1 1 1 1 0 2 1 1 1 1 2 0 1 1 0 2 1 1 1 2 1 1 1 1 1 1 1 2 0 1 0 1 1 1 1 2 2 1 1 1 1 0 0 1 0 0 1 1 1 1 0 1 1 1 1 1 1 1 0 1 1 1 0 1 1 0 1 1 1 1 1 1 1 1 1 1 1 1 1 1 1 1 1 1 "
"eps1=0.92";"eps2=0.86";"minPts=8";"0 0 1 0 0 2 1 2 0 0 0 0 1 2 0 2 0 0 1 2 2 1 2 0 0 1 0 2 0 0 0 0 0 1 0 1 0 2 1 1 1 1 1 1 1 1 1 1 0 1 1 0 0 0 1 1 1 0 1 0 1 1 1 1 1 1 1 1 1 0 1 0 1 1 1 1 1 1 0 1 1 0 1 1 1 1 1 1 1 1 0 1 1 0 1 0 1 0 1 1 1 1 1 0 1 1 1 1 0 1 1 0 0 0 1 1 1 0 1 1 1 1 1 1 1 0 1 1 1 0 1 1 0 1 1 1 1 1 1 1 1 1 1 1 1 1 1 1 1 1 1 "
"eps1=0.92";"eps2=0.87";"minPts=4";"1 1 2 3 0 0 2 3 0 0 1 3 2 0 0 3 3 3 2 3 0 2 3 0 3 2 3 3 0 0 3 3 0 2 0 3 0 3 3 2 2 2 2 2 2 2 2 2 0 2 2 0 0 0 2 2 2 0 0 0 2 0 3 2 2 2 2 1 1 1 1 0 1 1 1 1 1 2 0 1 1 0 2 1 1 1 2 1 1 1 0 1 1 1 2 0 1 0 1 1 1 1 2 0 1 1 1 1 0 2 1 0 0 1 1 1 1 0 1 1 1 1 1 1 1 0 1 1 1 0 1 1 0 1 1 1 1 1 1 1 1 1 1 1 1 1 1 1 1 1 1 "
"eps1=0.92";"eps2=0.87";"minPts=5";"0 1 0 2 0 0 3 2 0 0 0 2 3 0 0 2 2 2 3 2 0 0 2 0 2 3 2 2 0 0 2 2 2 2 0 2 0 2 2 2 3 2 2 2 2 2 3 2 0 2 2 0 0 0 2 2 2 0 0 0 2 0 2 2 2 2 2 1 1 1 1 0 2 1 1 0 1 2 0 1 1 0 2 1 1 1 2 1 1 1 0 1 1 1 2 0 1 0 1 1 1 1 0 0 1 1 1 1 0 2 1 0 0 1 1 1 1 0 1 1 1 1 1 1 1 0 1 1 1 0 1 1 0 1 1 1 1 1 1 1 1 1 1 1 1 1 1 1 1 1 1 "
"eps1=0.92";"eps2=0.87";"minPts=6";"0 0 1 2 0 0 1 2 0 0 0 2 1 0 0 2 2 2 1 2 0 1 2 0 2 1 2 2 0 0 2 2 0 1 0 2 0 2 2 1 1 1 1 1 1 1 1 1 0 1 1 0 0 0 1 1 1 0 0 0 1 0 2 1 1 1 1 1 1 0 1 0 1 1 1 1 1 1 0 1 1 0 1 1 1 1 1 1 1 1 0 1 1 0 1 0 1 0 1 1 1 1 1 0 1 1 1 1 0 1 1 0 0 0 1 1 1 0 1 1 1 1 1 1 1 0 1 1 1 0 1 1 0 1 1 1 1 1 1 1 1 1 1 1 1 1 0 1 1 1 1 "
"eps1=0.93";"eps2=0.4";"minPts=4";"1 1 0 2 0 0 0 2 0 1 3 2 0 2 4 2 2 2 4 2 2 4 1 0 2 1 2 1 0 1 2 0 2 1 3 1 1 2 1 4 1 1 1 1 1 1 1 1 3 1 1 4 1 4 1 1 1 3 1 3 1 4 1 1 1 1 1 1 1 1 1 3 1 1 1 1 1 1 4 1 1 1 1 1 1 1 1 1 1 1 1 1 1 1 1 0 1 3 1 1 1 1 1 0 0 1 1 1 3 4 1 1 3 1 1 1 1 0 1 1 1 1 1 1 1 0 1 1 1 0 1 1 1 1 1 1 1 1 1 1 1 1 1 1 1 1 1 1 1 1 1 "
"eps1=0.93";"eps2=0.4";"minPts=5";"1 1 0 2 0 0 0 2 0 1 3 2 0 2 4 2 2 2 4 2 2 4 1 0 2 1 2 1 0 1 2 0 0 1 3 1 1 2 1 0 1 1 1 1 1 1 1 1 3 1 1 4 1 4 1 1 1 0 1 0 1 4 1 1 1 1 1 1 1 1 1 3 1 1 1 1 1 1 4 1 1 1 1 1 1 1 1 1 1 1 1 1 1 1 1 0 1 3 1 1 1 1 1 0 0 1 1 1 3 4 1 4 3 1 1 1 1 0 1 1 1 1 1 1 1 0 1 1 1 0 1 1 1 1 1 1 1 1 1 1 1 1 1 1 1 1 1 1 1 1 1 "
"eps1=0.93";"eps2=0.4";"minPts=7";"1 1 0 2 0 0 0 2 0 1 0 2 0 2 3 2 2 2 3 2 0 3 1 0 0 1 2 1 0 1 2 0 0 1 0 1 1 2 1 0 1 1 1 1 1 1 1 1 0 1 1 3 1 3 1 1 1 0 1 0 1 3 1 1 1 1 1 1 1 1 1 0 1 1 1 1 1 1 3 1 1 1 1 1 1 1 1 1 1 1 1 1 1 1 1 0 1 0 1 1 1 1 1 0 0 1 1 1 0 3 1 3 0 1 1 1 1 0 1 1 1 1 1 1 1 0 1 1 1 0 1 1 0 1 1 1 1 1 1 1 1 1 1 1 1 1 1 1 1 1 1 "
"eps1=0.93";"eps2=0.4";"minPts=8";"1 1 0 0 0 0 0 0 0 1 0 0 0 0 2 0 0 0 2 0 0 2 1 0 0 1 0 1 0 1 0 0 0 1 0 1 1 0 1 0 1 1 1 1 1 1 1 1 0 1 1 2 1 2 1 1 1 0 1 0 1 2 1 1 1 1 1 1 1 1 1 0 1 1 1 1 1 1 2 1 1 1 1 1 1 1 1 1 1 1 1 1 1 1 1 0 1 0 1 1 1 1 1 0 0 1 1 1 0 2 1 2 0 1 1 1 1 0 1 1 1 1 1 1 1 0 1 1 1 0 1 1 0 1 1 1 1 1 1 1 1 1 1 1 1 1 1 1 1 1 1 "
"eps1=0.93";"eps2=0.7";"minPts=4";"1 1 0 2 0 0 0 2 0 1 3 2 0 2 4 2 2 2 4 2 2 4 1 0 2 1 2 1 0 1 2 0 2 1 3 1 0 2 1 4 1 1 1 1 1 1 1 1 3 1 1 4 1 4 1 1 1 3 1 3 1 4 1 1 1 1 1 1 1 1 1 3 1 1 1 1 1 1 4 1 1 1 1 1 1 1 1 1 1 1 1 1 1 1 1 0 1 3 1 1 1 1 1 0 0 1 1 1 3 4 1 1 3 1 1 1 1 0 1 1 1 1 1 1 1 0 1 1 1 0 1 1 1 1 1 1 1 1 1 1 1 1 1 1 1 1 1 1 1 1 1 "
"eps1=0.93";"eps2=0.7";"minPts=5";"1 1 0 2 0 0 0 2 0 1 3 2 0 2 4 2 2 2 4 2 2 4 1 0 2 1 2 1 0 1 2 0 0 1 3 1 0 2 1 0 1 1 1 1 1 1 1 1 3 1 1 4 1 4 1 1 1 0 1 0 1 4 1 1 1 1 1 1 1 1 1 3 1 1 1 1 1 1 4 1 1 1 1 1 1 1 1 1 1 1 1 1 1 1 1 0 1 3 1 1 1 1 1 0 0 1 1 1 3 4 1 4 3 1 1 1 1 0 1 1 1 1 1 1 1 0 1 1 1 0 1 1 1 1 1 1 1 1 1 1 1 1 1 1 1 1 1 1 1 1 1 "
"eps1=0.93";"eps2=0.7";"minPts=7";"1 1 0 2 0 0 0 2 0 1 0 2 0 2 3 2 2 2 3 2 0 3 1 0 0 1 2 1 0 1 2 0 0 1 0 1 0 2 1 0 1 1 1 1 1 1 1 1 0 1 1 3 1 3 1 1 1 0 1 0 1 3 1 1 1 1 1 1 1 1 1 0 1 1 1 1 1 1 3 1 1 1 1 1 1 1 1 1 1 1 1 1 1 1 1 0 1 0 1 1 1 1 1 0 0 1 1 1 0 3 1 3 0 1 1 1 1 0 1 1 1 1 1 1 1 0 1 1 1 0 1 1 0 1 1 1 1 1 1 1 1 1 1 1 1 1 1 1 1 1 1 "
"eps1=0.93";"eps2=0.7";"minPts=8";"1 1 0 0 0 0 0 0 0 1 0 0 0 0 2 0 0 0 2 0 0 2 1 0 0 1 0 1 0 1 0 0 0 1 0 1 0 0 1 0 1 1 1 1 1 1 1 1 0 1 1 2 1 2 1 1 1 0 1 0 1 2 1 1 1 1 1 1 1 1 1 0 1 1 1 1 1 1 2 1 1 1 1 1 1 1 1 1 1 1 1 1 1 1 1 0 1 0 1 1 1 1 1 0 0 1 1 1 0 2 1 2 0 1 1 1 1 0 1 1 1 1 1 1 1 0 1 1 1 0 1 1 0 1 1 1 1 1 1 1 1 1 1 1 1 1 1 1 1 1 1 "
"eps1=0.93";"eps2=0.7";"minPts=9";"0 1 0 0 0 0 0 0 0 1 2 0 0 0 0 0 0 0 0 0 0 0 1 0 0 1 0 1 0 1 0 0 0 1 2 1 0 0 1 0 1 1 1 1 1 1 1 1 2 1 1 0 2 0 1 1 1 0 1 0 1 0 1 1 1 1 1 1 1 2 1 2 1 1 1 1 1 1 0 1 1 1 1 1 1 1 1 1 1 1 1 1 1 2 1 0 1 2 1 1 1 1 1 0 0 1 1 1 2 0 1 0 2 0 1 1 1 0 1 1 1 1 1 1 1 0 1 1 1 0 1 1 0 1 1 1 1 1 1 1 1 1 1 1 1 1 1 1 1 1 1 "
"eps1=0.93";"eps2=0.77";"minPts=8";"0 1 0 0 0 0 0 0 0 1 2 0 0 0 3 0 0 0 3 0 0 3 1 0 0 1 0 1 0 1 0 0 0 1 2 1 0 0 1 0 1 1 1 1 1 1 1 1 2 1 1 3 2 3 1 1 1 0 1 0 1 3 1 1 1 1 1 1 1 1 1 2 1 1 1 1 1 1 3 1 1 1 1 1 1 1 1 1 1 1 0 1 1 2 1 0 1 2 1 1 1 1 1 0 0 1 1 1 2 3 1 3 2 1 1 1 1 0 1 1 1 1 1 1 1 0 1 1 1 0 1 1 0 1 1 1 1 1 1 1 1 1 1 1 1 1 1 1 1 1 1 "
"eps1=0.93";"eps2=0.77";"minPts=10";"0 0 1 0 0 0 1 0 0 0 2 0 1 1 0 1 1 1 0 1 1 0 1 0 1 1 1 1 0 1 1 0 1 1 2 1 0 1 1 0 1 1 1 1 1 1 1 1 2 1 1 0 2 0 1 1 1 0 0 0 1 0 1 1 1 1 1 1 1 2 1 2 1 1 1 1 1 1 0 1 1 0 1 1 1 1 1 1 1 1 0 1 1 2 1 0 1 2 1 1 1 1 1 1 1 1 1 1 2 0 1 0 2 0 1 1 1 0 1 1 1 1 1 1 1 0 1 1 1 0 1 0 0 1 1 1 1 1 2 1 1 1 1 1 1 1 1 1 1 1 1 "
"eps1=0.93";"eps2=0.78";"minPts=4";"1 1 0 2 0 0 0 2 0 1 3 2 0 2 4 2 2 2 4 2 2 4 1 0 2 1 2 1 0 1 2 0 2 1 3 1 0 2 1 4 1 1 1 1 1 1 1 1 3 1 1 4 1 4 1 1 1 3 1 3 1 4 1 1 1 1 1 1 1 1 1 3 1 1 1 1 1 1 4 1 1 1 1 1 1 1 1 1 1 1 0 1 1 1 1 0 1 3 1 1 1 1 1 0 0 1 1 1 3 4 1 1 3 1 1 1 1 0 1 1 1 1 1 1 1 0 1 1 1 0 1 1 1 1 1 1 1 1 1 1 1 1 1 1 1 1 1 1 1 1 1 "
"eps1=0.93";"eps2=0.78";"minPts=5";"1 1 0 2 0 0 0 2 0 1 3 2 0 2 4 2 2 2 4 2 2 4 1 0 2 1 2 1 0 1 2 0 0 1 3 1 0 2 1 0 1 1 1 1 1 1 1 1 3 1 1 4 1 4 1 1 1 0 1 0 1 4 1 1 1 1 1 1 1 1 1 3 1 1 1 1 1 1 4 1 1 1 1 1 1 1 1 1 1 1 0 1 1 1 1 0 1 3 1 1 1 1 1 0 0 1 1 1 3 4 1 4 3 1 1 1 1 0 1 1 1 1 1 1 1 0 1 1 1 0 1 1 1 1 1 1 1 1 1 1 1 1 1 1 1 1 1 1 1 1 1 "
"eps1=0.93";"eps2=0.78";"minPts=7";"0 1 0 2 0 0 0 2 0 1 3 2 0 2 4 2 2 2 4 2 0 4 1 0 0 1 2 1 0 1 2 0 0 1 3 1 0 2 1 0 1 1 1 1 1 1 1 1 3 1 1 4 3 4 1 1 1 0 1 0 1 4 1 1 1 1 1 1 1 3 1 3 1 1 1 1 1 1 4 1 1 1 1 1 1 1 1 1 1 1 0 1 1 3 1 0 1 3 1 1 1 1 1 0 0 1 1 1 3 4 1 4 3 0 1 1 1 0 1 1 1 1 1 1 1 0 1 1 1 0 1 1 0 1 1 1 1 1 1 1 1 1 1 1 1 1 1 1 1 1 1 "
"eps1=0.93";"eps2=0.78";"minPts=8";"0 1 0 0 0 0 0 0 0 1 2 0 0 0 3 0 0 0 3 0 0 3 1 0 0 1 0 1 0 1 0 0 0 1 2 1 0 0 1 0 1 1 1 1 1 1 1 1 2 1 1 3 2 3 1 1 1 0 1 0 1 3 1 1 1 1 1 1 1 2 1 2 1 1 1 1 1 1 3 1 1 1 1 1 1 1 1 1 1 1 0 1 1 2 1 0 1 2 1 1 1 1 1 0 0 1 1 1 2 3 1 3 2 0 1 1 1 0 1 1 1 1 1 1 1 0 1 1 1 0 1 1 0 1 1 1 1 1 1 1 1 1 1 1 1 1 1 1 1 1 1 "
"eps1=0.93";"eps2=0.79";"minPts=4";"1 1 0 2 0 0 0 2 0 1 3 2 0 2 4 2 2 2 4 2 0 4 1 0 2 1 2 1 0 1 2 0 2 1 3 1 0 2 1 4 1 1 1 1 1 1 1 1 3 1 1 4 3 4 1 1 1 3 1 3 1 4 1 1 1 1 1 1 1 1 1 3 1 1 1 1 1 1 4 1 1 1 1 1 1 1 1 1 1 1 0 1 1 3 1 0 1 3 1 1 1 1 1 0 0 1 1 1 3 4 1 1 3 1 1 1 1 0 1 1 1 1 1 1 1 0 1 1 1 0 1 1 1 1 1 1 1 1 1 1 1 1 1 1 1 1 1 1 1 1 1 "
"eps1=0.93";"eps2=0.79";"minPts=5";"1 1 0 2 0 0 0 2 0 1 3 2 0 2 4 2 2 2 4 2 0 4 1 0 2 1 2 1 0 1 2 0 0 1 3 1 0 2 1 0 1 1 1 1 1 1 1 1 3 1 1 4 3 4 1 1 1 3 1 3 1 4 1 1 1 1 1 1 1 1 1 3 1 1 1 1 1 1 4 1 1 1 1 1 1 1 1 1 1 1 0 1 1 3 1 0 1 3 1 1 1 1 1 0 0 1 1 1 3 4 1 4 3 1 1 1 1 0 1 1 1 1 1 1 1 0 1 1 1 0 1 1 1 1 1 1 1 1 1 1 1 1 1 1 1 1 1 1 1 1 1 "
"eps1=0.93";"eps2=0.79";"minPts=6";"0 1 0 2 0 0 0 2 0 1 3 2 0 2 4 2 2 2 4 2 0 4 1 0 2 1 2 1 0 1 2 0 0 1 3 1 0 2 1 0 1 1 1 1 1 1 1 1 3 1 1 4 3 4 1 1 1 0 1 0 1 4 1 1 1 1 1 1 1 1 1 3 1 1 1 1 1 1 4 1 1 1 1 1 1 1 1 1 1 1 0 1 1 3 1 0 1 3 1 1 1 1 1 0 0 1 1 1 3 4 1 4 3 1 1 1 1 0 1 1 1 1 1 1 1 0 1 1 1 0 1 1 0 1 1 1 1 1 1 1 1 1 1 1 1 1 1 1 1 1 1 "
"eps1=0.93";"eps2=0.79";"minPts=10";"0 0 1 0 0 0 1 0 0 0 2 0 1 1 0 1 1 1 0 1 0 0 1 0 1 1 1 1 0 1 1 0 1 1 2 1 0 1 1 0 1 1 1 1 1 1 1 1 2 1 1 0 2 0 1 1 1 0 0 0 1 0 1 1 1 1 1 1 1 2 1 2 1 1 1 1 1 1 0 1 1 0 1 1 1 1 1 1 1 1 0 1 1 2 1 0 1 2 1 1 1 1 1 1 1 1 1 1 2 0 1 0 2 0 1 1 1 0 1 1 1 1 1 1 1 0 1 1 1 0 1 0 0 1 1 1 1 1 2 1 1 1 1 1 1 1 1 1 1 1 1 "
"eps1=0.93";"eps2=0.8";"minPts=4";"1 1 0 2 0 0 0 2 0 1 3 2 0 2 4 2 2 2 4 2 0 4 1 0 2 1 2 1 0 1 2 0 2 1 3 1 0 2 1 4 1 1 1 1 1 1 1 1 3 1 1 4 3 4 1 1 1 3 1 3 1 4 1 1 1 1 1 1 1 1 1 3 1 1 1 1 1 1 4 1 1 1 1 1 1 1 1 1 1 1 0 1 1 3 1 0 1 3 1 1 1 1 1 0 0 1 1 1 3 4 1 1 3 1 1 1 1 0 1 1 1 1 1 1 1 0 1 1 1 0 1 1 0 1 1 1 1 1 1 1 1 1 1 1 1 1 1 1 1 1 1 "
"eps1=0.93";"eps2=0.8";"minPts=5";"1 1 0 2 0 0 0 2 0 1 3 2 0 2 4 2 2 2 4 2 0 4 1 0 2 1 2 1 0 1 2 0 0 1 3 1 0 2 1 0 1 1 1 1 1 1 1 1 3 1 1 4 3 4 1 1 1 0 1 0 1 4 1 1 1 1 1 1 1 1 1 3 1 1 1 1 1 1 4 1 1 1 1 1 1 1 1 1 1 1 0 1 1 3 1 0 1 3 1 1 1 1 1 0 0 1 1 1 3 4 1 4 3 1 1 1 1 0 1 1 1 1 1 1 1 0 1 1 1 0 1 1 0 1 1 1 1 1 1 1 1 1 1 1 1 1 1 1 1 1 1 "
"eps1=0.93";"eps2=0.8";"minPts=6";"0 1 0 2 0 0 0 2 0 1 3 2 0 2 4 2 2 2 4 2 0 4 1 0 2 1 2 1 0 1 2 0 0 1 3 1 0 2 1 0 1 1 1 1 1 1 1 1 3 1 1 4 3 4 1 1 1 0 1 0 1 4 1 1 1 1 1 1 1 3 1 3 1 1 1 1 1 1 4 1 1 1 1 1 1 1 1 1 1 1 0 1 1 3 1 0 1 3 1 1 1 1 1 0 0 1 1 1 3 4 1 4 3 0 1 1 1 0 1 1 1 1 1 1 1 0 1 1 1 0 1 1 0 1 1 1 1 1 1 1 1 1 1 1 1 1 1 1 1 1 1 "
"eps1=0.93";"eps2=0.81";"minPts=4";"1 1 0 2 0 0 0 2 0 1 3 2 0 2 4 2 2 2 4 2 0 4 1 0 2 1 2 1 0 1 2 0 2 1 3 1 0 2 1 4 1 1 1 1 1 1 1 1 3 1 1 4 0 4 1 1 1 3 1 3 1 4 1 1 1 1 1 1 1 1 1 3 1 1 1 1 1 1 4 1 1 1 1 1 1 1 1 1 1 1 0 1 1 3 1 0 1 3 1 1 1 1 1 0 0 1 1 1 3 4 1 1 3 1 1 1 1 0 1 1 1 1 1 1 1 0 1 1 1 0 1 1 0 1 1 1 1 1 1 1 1 1 1 1 1 1 1 1 1 1 1 "
"eps1=0.93";"eps2=0.81";"minPts=5";"1 1 0 2 0 0 0 2 0 1 3 2 0 2 4 2 2 2 4 2 0 4 1 0 2 1 2 1 0 1 2 0 0 1 3 1 0 2 1 0 1 1 1 1 1 1 1 1 3 1 1 4 0 4 1 1 1 0 1 0 1 4 1 1 1 1 1 1 1 1 1 3 1 1 1 1 1 1 4 1 1 1 1 1 1 1 1 1 1 1 0 1 1 3 1 0 1 3 1 1 1 1 1 0 0 1 1 1 3 4 1 4 3 1 1 1 1 0 1 1 1 1 1 1 1 0 1 1 1 0 1 1 0 1 1 1 1 1 1 1 1 1 1 1 1 1 1 1 1 1 1 "
"eps1=0.93";"eps2=0.81";"minPts=6";"0 1 0 2 0 0 0 2 0 1 3 2 0 2 4 2 2 2 4 2 0 4 1 0 2 1 2 1 0 1 2 0 0 1 3 1 0 2 1 0 1 1 1 1 1 1 1 1 3 1 1 4 0 4 1 1 1 0 1 0 1 4 1 1 1 1 1 1 1 3 1 3 1 1 1 1 1 1 4 1 1 0 1 1 1 1 1 1 1 1 0 1 1 3 1 0 1 3 1 1 1 1 1 0 0 1 1 1 3 4 1 4 3 0 1 1 1 0 1 1 1 1 1 1 1 0 1 1 1 0 1 1 0 1 1 1 1 1 1 1 1 1 1 1 1 1 1 1 1 1 1 "
"eps1=0.93";"eps2=0.81";"minPts=7";"0 1 0 2 0 0 0 2 0 1 3 2 0 2 4 2 2 2 4 2 0 4 1 0 0 1 2 1 0 1 2 0 0 1 3 1 0 2 1 0 1 1 1 1 1 1 1 1 3 1 1 4 0 4 1 1 1 0 1 0 1 4 1 1 1 1 1 1 1 3 1 3 1 1 1 1 1 1 4 1 1 0 1 1 1 1 1 1 1 1 0 1 1 3 1 0 1 3 1 1 1 1 1 0 0 1 1 1 3 4 1 4 3 0 1 1 1 0 1 1 1 1 1 1 1 0 1 1 1 0 1 0 0 1 1 1 1 1 3 1 1 1 1 1 1 1 1 1 1 1 1 "
"eps1=0.93";"eps2=0.81";"minPts=8";"0 1 0 0 0 0 0 0 0 1 2 0 0 0 3 0 0 0 3 0 0 3 1 0 0 1 0 1 0 1 0 0 0 1 2 1 0 0 1 0 1 1 1 1 1 1 1 1 2 1 1 3 0 3 1 1 1 0 1 0 1 3 1 1 1 1 1 1 1 2 1 2 1 1 1 1 1 1 3 1 1 0 1 1 1 1 1 1 1 1 0 1 1 2 1 0 1 2 1 1 1 1 1 0 0 1 1 1 2 3 1 3 2 0 1 1 1 0 1 1 1 1 1 1 1 0 1 1 1 0 1 0 0 1 1 1 1 1 2 1 1 1 1 1 1 1 1 1 1 1 1 "
"eps1=0.93";"eps2=0.82";"minPts=4";"1 1 0 2 0 0 0 2 0 1 3 2 0 2 4 2 2 2 4 2 0 4 1 0 2 1 2 1 0 1 2 0 2 1 3 1 0 2 1 4 1 1 1 1 1 1 1 1 3 1 1 4 0 0 1 1 1 3 1 0 1 4 1 1 1 1 1 1 1 1 1 3 1 1 1 1 1 1 4 1 1 1 1 1 1 1 1 1 1 1 0 1 1 3 1 0 1 3 1 1 1 1 1 0 0 1 1 1 3 4 1 1 0 1 1 1 1 0 1 1 1 1 1 1 1 0 1 1 1 0 1 1 0 1 1 1 1 1 1 1 1 1 1 1 1 1 1 1 1 1 1 "
"eps1=0.93";"eps2=0.82";"minPts=5";"1 1 0 2 0 0 0 2 0 1 3 2 0 2 4 2 2 2 4 2 0 4 1 0 2 1 2 1 0 1 2 0 0 1 3 1 0 2 1 0 1 1 1 1 1 1 1 1 3 1 1 4 0 0 1 1 1 0 1 0 1 4 1 1 1 1 1 1 1 1 1 3 1 1 1 1 1 1 4 1 1 1 1 1 1 1 1 1 1 1 0 1 1 3 1 0 1 3 1 1 1 1 1 0 0 1 1 1 3 4 1 4 0 1 1 1 1 0 1 1 1 1 1 1 1 0 1 1 1 0 1 1 0 1 1 1 1 1 1 1 1 1 1 1 1 1 1 1 1 1 1 "
"eps1=0.93";"eps2=0.82";"minPts=6";"0 1 0 2 0 0 0 2 0 1 3 2 0 2 4 2 2 2 4 2 0 4 1 0 2 1 2 1 0 1 2 0 0 1 3 1 0 2 1 0 1 1 1 1 1 1 1 1 3 1 1 4 0 0 1 1 1 0 1 0 1 4 1 1 1 1 1 1 1 3 1 3 1 1 1 1 1 1 4 1 1 0 1 1 1 1 1 1 1 1 0 1 1 3 1 0 1 3 1 1 1 1 1 0 0 1 1 1 3 4 1 4 0 0 1 1 1 0 1 1 1 1 1 1 1 0 1 1 1 0 1 1 0 1 1 1 1 1 1 1 1 1 1 1 1 1 1 1 1 1 1 "
"eps1=0.93";"eps2=0.82";"minPts=7";"0 1 0 2 0 0 0 2 0 1 3 2 0 2 4 2 2 2 4 2 0 4 1 0 0 1 2 1 0 1 2 0 0 1 3 1 0 2 1 0 1 1 1 1 1 1 1 1 3 1 1 4 0 0 1 1 1 0 1 0 1 4 1 1 1 1 1 1 1 3 1 3 1 1 1 1 1 1 4 1 1 0 1 1 1 1 1 1 1 1 0 1 1 3 1 0 1 3 1 1 1 1 1 0 0 1 1 1 3 4 1 4 0 0 1 1 1 0 1 1 1 1 1 1 1 0 1 1 1 0 1 0 0 1 1 1 1 1 3 1 1 1 1 1 1 1 1 1 1 1 1 "
"eps1=0.93";"eps2=0.83";"minPts=4";"1 1 2 0 0 0 2 0 0 0 0 0 2 2 3 2 2 2 3 2 0 3 2 0 2 1 2 2 0 0 2 0 2 2 0 2 0 2 2 3 2 2 2 2 2 2 2 2 0 2 2 3 0 0 2 2 2 0 1 0 2 3 2 2 2 2 2 1 1 1 1 0 1 1 1 1 1 2 0 1 1 1 2 1 1 1 2 1 1 1 0 1 1 0 1 0 1 0 1 1 1 1 2 2 2 1 1 1 0 3 1 1 0 1 1 1 1 0 2 1 1 1 1 1 1 0 1 1 1 0 1 1 0 1 1 1 1 1 1 1 1 1 1 1 1 1 1 1 1 1 1 "
"eps1=0.93";"eps2=0.83";"minPts=5";"1 1 2 0 0 0 2 0 0 0 0 0 2 2 0 2 2 2 0 2 0 0 2 0 2 1 2 2 0 0 2 0 2 2 0 2 0 2 2 0 2 2 2 2 2 2 2 2 0 2 2 0 0 0 2 2 2 0 1 0 2 0 2 2 2 2 2 1 1 1 1 0 1 1 1 1 1 2 0 1 1 1 2 1 1 1 2 1 1 1 0 1 1 0 1 0 1 0 1 1 1 1 2 2 2 1 1 1 0 0 1 1 0 1 1 1 1 0 2 1 1 1 1 1 1 0 1 1 1 0 1 1 0 1 1 1 1 1 1 1 1 1 1 1 1 1 1 1 1 1 1 "
"eps1=0.93";"eps2=0.84";"minPts=4";"1 1 2 0 0 0 2 0 0 0 0 0 2 2 3 2 2 2 3 2 0 3 2 0 2 1 2 2 0 0 2 0 2 2 0 2 0 2 2 3 2 2 2 2 2 2 2 2 0 2 2 3 0 0 2 2 2 0 1 0 2 3 2 2 2 2 2 1 1 1 1 0 1 1 1 1 1 2 0 1 1 1 2 1 1 1 2 1 1 1 0 1 1 0 2 0 1 0 1 1 1 1 2 2 2 1 1 1 0 3 1 1 0 1 1 1 1 0 2 1 1 1 1 1 1 0 1 1 1 0 1 1 0 1 1 1 1 1 1 1 1 1 1 1 1 1 1 1 1 1 1 "
"eps1=0.93";"eps2=0.84";"minPts=5";"1 1 0 2 0 0 0 2 0 0 0 2 0 2 0 2 2 2 0 2 0 0 2 0 2 1 2 2 0 0 2 0 2 2 0 2 0 2 2 0 2 2 2 2 2 2 0 2 0 2 2 0 0 0 2 2 2 0 1 0 2 0 2 2 2 2 2 1 1 1 1 0 1 1 1 1 1 2 0 1 1 1 2 1 1 1 2 1 1 1 0 1 1 0 2 0 1 0 1 1 1 1 2 2 0 1 1 1 0 0 1 1 0 1 1 1 1 0 2 1 1 1 1 1 1 0 1 1 1 0 1 1 0 1 1 1 1 1 1 1 1 1 1 1 1 1 1 1 1 1 1 "
"eps1=0.93";"eps2=0.85";"minPts=4";"1 1 2 0 0 0 2 0 0 0 0 0 2 2 0 2 2 2 3 2 0 3 2 0 2 1 2 2 0 0 2 0 0 2 0 2 0 2 2 3 2 2 2 2 2 2 2 2 0 2 2 0 0 0 2 2 2 0 1 0 2 3 2 2 2 2 2 1 1 1 1 0 1 1 1 1 1 2 0 1 1 0 2 1 1 1 2 1 1 1 0 1 1 0 2 0 1 0 1 1 1 1 2 2 2 1 1 1 0 3 1 1 0 1 1 1 1 0 2 1 1 1 1 1 1 0 1 1 1 0 1 1 0 1 1 1 1 1 1 1 1 1 1 1 1 1 1 1 1 1 1 "
"eps1=0.93";"eps2=0.85";"minPts=5";"1 1 0 2 0 0 0 2 0 0 0 2 0 2 0 2 2 2 3 2 0 3 2 0 2 1 2 2 0 0 2 0 0 2 0 2 0 2 2 3 3 2 2 2 2 2 0 2 0 2 2 0 0 0 2 2 2 0 1 0 2 3 2 2 2 2 2 1 1 1 1 0 1 1 1 1 1 2 0 1 1 0 2 1 1 1 2 1 1 1 0 1 1 0 2 0 1 0 1 1 1 1 0 2 0 1 1 1 0 3 1 1 0 1 1 1 1 0 2 1 1 1 1 1 1 0 1 1 1 0 1 1 0 1 1 1 1 1 1 1 1 1 1 1 1 1 1 1 1 1 1 "
"eps1=0.93";"eps2=0.86";"minPts=4";"1 1 2 3 0 0 2 3 0 0 0 3 2 0 0 3 3 3 4 3 0 4 3 0 3 2 3 3 0 0 3 0 0 3 0 3 0 3 3 4 2 3 2 2 3 2 2 3 0 2 2 0 0 0 2 2 2 0 0 0 2 4 3 2 2 2 2 1 1 1 1 0 1 1 1 1 1 3 0 1 1 0 2 1 1 1 2 1 1 1 0 1 1 0 0 0 1 0 1 1 1 1 2 0 2 1 1 1 0 4 1 0 0 1 1 1 1 0 2 1 1 1 1 1 1 0 1 1 1 0 1 1 0 1 1 1 1 1 1 1 1 1 1 1 1 1 1 1 1 1 1 "
"eps1=0.93";"eps2=0.86";"minPts=5";"1 1 2 3 0 0 2 3 0 0 0 3 2 0 0 3 3 3 0 3 0 0 3 0 3 2 3 3 0 0 3 0 0 3 0 3 0 3 3 0 2 3 2 2 3 2 2 3 0 2 2 0 0 0 2 2 2 0 0 0 2 0 3 2 2 2 2 3 2 1 2 0 1 2 2 1 2 3 0 2 2 0 2 2 1 1 2 1 1 1 0 1 2 0 0 0 1 0 1 1 1 1 2 0 2 1 1 1 0 0 1 0 0 1 1 1 1 0 2 1 1 1 1 1 1 0 1 1 1 0 1 1 0 1 1 1 1 1 1 1 1 1 1 1 1 1 1 1 1 1 1 "
"eps1=0.94";"eps2=0.4";"minPts=4";"1 1 0 0 0 0 0 2 0 1 3 2 0 2 4 0 0 2 0 2 0 4 2 0 0 1 2 1 0 2 0 0 0 1 3 1 0 0 1 0 0 1 1 1 1 1 1 1 3 1 1 0 1 4 1 1 1 4 1 0 1 4 1 1 1 1 1 1 1 1 1 0 1 1 1 1 1 1 4 1 1 1 0 1 1 1 1 1 1 1 1 1 1 1 1 0 1 3 1 1 1 1 1 0 0 1 1 1 3 4 1 1 3 1 1 1 1 0 1 1 1 1 1 1 1 0 1 1 1 0 1 1 1 1 1 1 1 1 1 1 1 1 1 1 1 1 1 1 1 1 1 "
"eps1=0.94";"eps2=0.4";"minPts=5";"1 1 0 0 0 0 0 2 0 1 3 2 0 2 4 0 0 2 0 2 0 4 0 0 0 1 2 1 0 2 0 0 0 1 3 1 0 0 1 0 0 1 1 1 1 1 1 1 3 1 1 0 1 4 1 1 1 0 1 0 1 4 1 1 1 1 1 1 1 1 1 0 1 1 1 1 1 1 4 1 1 1 0 1 1 1 1 1 1 1 1 1 1 3 1 0 1 3 1 1 1 1 1 0 0 1 1 1 3 4 1 1 3 1 1 1 1 0 1 1 1 1 1 1 1 0 1 1 1 0 1 1 1 1 1 1 1 1 1 1 1 1 1 1 1 1 1 1 1 1 1 "
"eps1=0.94";"eps2=0.4";"minPts=6";"0 0 1 0 0 0 0 2 0 0 3 2 1 2 4 0 0 2 0 2 0 4 0 0 0 1 2 1 0 2 0 0 0 1 3 1 0 0 1 0 0 1 1 1 1 1 1 1 3 1 1 0 3 4 1 1 1 0 0 0 1 4 1 1 1 1 1 1 1 0 1 0 1 1 1 0 1 1 4 1 1 0 0 1 1 1 1 1 1 1 0 1 1 3 1 0 1 3 1 1 1 1 1 0 1 1 1 1 3 4 1 4 3 0 1 1 1 0 1 1 1 1 1 1 1 0 1 1 1 0 1 0 0 1 1 1 1 1 3 1 1 1 1 1 1 1 1 1 1 1 1 "
"eps1=0.94";"eps2=0.4";"minPts=8";"0 0 0 1 0 0 0 0 0 0 2 1 0 1 0 1 1 1 0 1 0 0 1 0 1 1 1 1 0 1 0 0 0 1 2 1 0 0 1 0 1 1 1 1 1 1 1 1 2 1 1 0 2 0 1 1 1 0 0 0 1 0 1 1 1 1 1 1 1 0 1 0 1 1 1 0 1 1 0 1 1 0 1 1 1 1 1 1 1 1 0 1 1 2 1 0 1 2 1 1 1 1 1 1 0 1 1 1 2 0 0 0 2 0 1 1 1 0 1 1 1 1 1 1 1 0 1 1 1 0 1 0 0 1 1 1 1 1 2 1 1 1 1 1 1 1 1 1 1 1 1 "
"eps1=0.94";"eps2=0.74";"minPts=4";"1 1 0 0 0 0 0 2 0 1 3 2 0 2 4 0 0 2 0 2 0 4 2 0 0 1 2 1 0 0 0 0 0 1 3 1 0 0 1 0 0 1 1 1 1 1 1 1 3 1 1 0 1 4 1 1 1 4 1 0 1 4 1 1 1 1 1 1 1 1 1 0 1 1 1 1 1 1 4 1 1 1 0 1 1 1 1 1 1 1 1 1 1 1 1 0 1 3 1 1 1 1 1 0 0 1 1 1 3 4 1 1 3 1 1 1 1 0 1 1 1 1 1 1 1 0 1 1 1 0 1 1 1 1 1 1 1 1 1 1 1 1 1 1 1 1 1 1 1 1 1 "
"eps1=0.94";"eps2=0.74";"minPts=5";"1 1 0 0 0 0 0 2 0 1 3 2 0 2 4 0 0 2 0 2 0 4 0 0 0 1 2 1 0 0 0 0 0 1 3 1 0 0 1 0 0 1 1 1 1 1 1 1 3 1 1 0 1 4 1 1 1 0 1 0 1 4 1 1 1 1 1 1 1 1 1 0 1 1 1 1 1 1 4 1 1 1 0 1 1 1 1 1 1 1 1 1 1 3 1 0 1 3 1 1 1 1 1 0 0 1 1 1 3 4 1 1 3 1 1 1 1 0 1 1 1 1 1 1 1 0 1 1 1 0 1 1 1 1 1 1 1 1 1 1 1 1 1 1 1 1 1 1 1 1 1 "
"eps1=0.94";"eps2=0.74";"minPts=6";"0 0 1 0 0 0 0 0 0 0 2 0 1 0 3 4 4 4 0 4 0 3 4 0 4 1 4 1 0 0 0 0 0 1 2 1 0 0 1 0 4 1 1 1 1 1 1 1 2 1 1 0 2 3 1 1 1 0 0 0 1 3 1 1 1 1 1 1 1 0 1 0 1 1 1 0 1 1 3 1 1 0 0 1 1 1 1 1 1 1 0 1 1 2 1 0 1 2 1 1 1 1 1 0 1 1 1 1 2 3 1 3 2 0 1 1 1 0 1 1 1 1 1 1 1 0 1 1 1 0 1 0 0 1 1 1 1 1 2 1 1 1 1 1 1 1 1 1 1 1 1 "
"eps1=0.94";"eps2=0.77";"minPts=4";"1 1 0 0 0 0 0 2 0 1 3 2 0 2 4 0 0 2 0 2 0 4 2 0 0 1 2 1 0 0 0 0 0 1 3 1 0 0 1 0 0 1 1 1 1 1 1 1 3 1 1 0 1 4 1 1 1 4 1 0 1 4 1 1 1 1 1 1 1 1 1 0 1 1 1 1 1 1 4 1 1 1 0 1 1 1 1 1 1 1 0 1 1 1 1 0 1 3 1 1 1 1 1 0 0 1 1 1 3 4 1 1 3 1 1 1 1 0 1 1 1 1 1 1 1 0 1 1 1 0 1 1 1 1 1 1 1 1 1 1 1 1 1 1 1 1 1 1 1 1 1 "
"eps1=0.94";"eps2=0.77";"minPts=5";"0 1 0 0 0 0 0 2 0 1 3 2 0 2 4 0 0 2 0 2 0 4 0 0 0 1 2 1 0 0 0 0 0 1 3 1 0 0 1 0 0 1 1 1 1 1 1 1 3 1 1 0 3 4 1 1 1 0 1 0 1 4 1 1 1 1 1 1 1 0 1 0 1 1 1 1 1 1 4 1 1 1 0 1 1 1 1 1 1 1 0 1 1 3 1 0 1 3 1 1 1 1 1 0 0 1 1 1 3 4 1 1 3 0 1 1 1 0 1 1 1 1 1 1 1 0 1 1 1 0 1 1 1 1 1 1 1 1 3 1 1 1 1 1 1 1 1 1 1 1 1 "
"eps1=0.94";"eps2=0.79";"minPts=4";"0 1 0 0 0 0 0 2 0 1 3 2 0 2 4 0 0 2 0 2 0 4 2 0 0 1 2 1 0 0 0 0 0 1 3 1 0 0 1 0 0 1 1 1 1 1 1 1 3 1 1 0 3 4 1 1 1 4 1 0 1 4 1 1 1 1 1 1 1 0 1 0 1 1 1 1 1 1 4 1 1 1 0 1 1 1 1 1 1 1 0 1 1 3 1 0 1 3 1 1 1 1 1 0 0 1 1 1 3 4 1 1 3 0 1 1 1 0 1 1 1 1 1 1 1 0 1 1 1 0 1 1 1 1 1 1 1 1 3 1 1 1 1 1 1 1 1 1 1 1 1 "
"eps1=0.94";"eps2=0.79";"minPts=5";"0 1 0 0 0 0 0 2 0 1 3 2 0 2 4 0 0 2 0 2 0 4 0 0 0 1 2 1 0 0 0 0 0 1 3 1 0 0 1 0 0 1 1 1 1 1 1 1 3 1 1 0 3 4 1 1 1 0 1 0 1 4 1 1 1 1 1 1 1 0 1 0 1 1 1 1 1 1 4 1 1 1 0 1 1 1 1 1 1 1 0 1 1 3 1 0 1 3 1 1 1 1 1 0 0 1 1 1 3 4 1 4 3 0 1 1 1 0 1 1 1 1 1 1 1 0 1 1 1 0 1 1 0 1 1 1 1 1 3 1 1 1 1 1 1 1 1 1 1 1 1 "
"eps1=0.94";"eps2=0.79";"minPts=6";"0 0 1 0 0 0 0 0 0 0 2 0 1 0 3 4 4 4 0 4 0 3 4 0 4 1 4 1 0 0 0 0 0 1 2 1 0 0 1 0 0 1 1 1 1 1 1 1 2 1 1 0 2 3 1 1 1 0 0 0 1 3 1 1 1 1 1 1 1 0 1 0 1 1 1 0 1 1 3 1 1 0 0 1 1 1 1 1 1 1 0 1 1 2 1 0 1 2 1 1 1 1 1 0 1 1 1 1 2 3 1 3 2 0 1 1 1 0 1 1 1 1 1 1 1 0 1 1 1 0 1 0 0 1 1 1 1 1 2 1 1 1 1 1 1 1 1 1 1 1 1 "
"eps1=0.94";"eps2=0.8";"minPts=4";"0 1 0 0 0 0 0 2 0 1 3 2 0 2 4 0 0 2 0 2 0 4 2 0 0 1 2 1 0 0 0 0 0 1 3 1 0 0 1 0 0 1 1 1 1 1 1 1 3 1 1 0 3 4 1 1 1 4 1 0 1 4 1 1 1 1 1 1 1 0 1 0 1 1 1 1 1 1 4 1 1 1 0 1 1 1 1 1 1 1 0 1 1 3 1 0 1 3 1 1 1 1 1 0 0 1 1 1 3 4 1 1 3 0 1 1 1 0 1 1 1 1 1 1 1 0 1 1 1 0 1 1 0 1 1 1 1 1 3 1 1 1 1 1 1 1 1 1 1 1 1 "
"eps1=0.94";"eps2=0.81";"minPts=4";"0 1 0 0 0 0 0 2 0 1 3 2 0 0 4 0 0 2 0 2 0 4 2 0 0 1 2 1 0 0 0 0 0 1 3 1 0 0 1 0 0 1 1 1 1 1 1 1 3 1 1 0 0 4 1 1 1 0 1 0 1 4 1 1 1 1 1 1 1 0 1 0 1 1 1 1 1 1 4 1 1 0 0 1 1 1 1 1 1 1 0 1 1 3 1 0 1 3 1 1 1 1 1 0 0 1 1 1 3 4 1 1 3 0 1 1 1 0 1 1 1 1 1 1 1 0 1 1 1 0 1 1 0 1 1 1 1 1 3 1 1 1 1 1 1 1 1 1 1 1 1 "
"eps1=0.94";"eps2=0.81";"minPts=5";"0 1 0 0 0 0 0 0 0 1 2 0 0 0 3 4 4 4 0 4 0 3 4 0 4 1 4 1 0 0 0 0 0 1 2 1 0 0 1 0 0 1 1 1 1 1 1 1 2 1 1 0 0 3 1 1 1 0 1 0 1 3 1 1 1 1 1 1 1 0 1 0 1 1 1 1 1 1 3 1 1 0 0 1 1 1 1 1 1 1 0 1 1 2 1 0 1 2 1 1 1 1 1 0 0 1 1 1 2 3 1 3 2 0 1 1 1 0 1 1 1 1 1 1 1 0 1 1 1 0 1 0 0 1 1 1 1 1 2 1 1 1 1 1 1 1 1 1 1 1 1 "
"eps1=0.94";"eps2=0.81";"minPts=6";"0 0 1 0 0 0 0 0 0 0 2 0 1 0 3 4 4 4 0 4 0 3 4 0 4 1 4 1 0 0 0 0 0 1 2 1 0 0 1 0 0 1 1 1 1 1 1 1 2 1 1 0 0 3 1 1 1 0 0 0 1 3 1 1 1 1 1 1 1 0 1 0 1 1 1 0 1 1 3 1 1 0 0 1 1 1 1 1 1 1 0 1 1 2 1 0 1 2 1 1 1 1 1 0 1 1 1 1 2 3 1 3 2 0 1 1 1 0 1 1 1 1 1 1 1 0 1 1 1 0 1 0 0 1 1 1 1 1 2 1 1 1 1 1 1 1 1 1 1 1 1 "
"eps1=0.94";"eps2=0.82";"minPts=4";"0 1 0 2 0 0 0 0 0 1 3 2 0 2 4 2 2 2 0 2 0 4 2 0 2 2 2 2 0 0 0 0 0 1 3 2 0 0 2 0 0 2 1 1 2 2 2 1 3 1 1 0 0 0 1 1 1 0 1 0 1 4 1 1 1 1 1 1 1 0 1 0 1 1 1 1 1 1 4 1 1 0 0 1 1 1 1 1 1 1 0 1 1 3 1 0 1 3 1 1 1 1 1 0 0 1 1 1 3 4 1 1 0 0 1 1 1 0 1 1 1 1 1 1 1 0 1 1 1 0 1 1 0 1 1 2 1 1 3 1 1 1 1 1 1 1 1 1 1 1 1 "
"eps1=0.94";"eps2=0.82";"minPts=5";"0 1 2 0 0 0 0 0 0 1 3 0 2 0 4 5 5 5 0 5 0 4 5 0 5 2 5 2 0 0 0 0 0 2 3 2 0 0 5 0 0 2 2 2 0 2 2 2 3 2 2 0 0 0 2 2 2 0 1 0 2 4 2 2 2 2 2 1 2 0 2 0 1 2 2 1 2 2 4 2 2 0 0 2 1 2 2 1 2 1 0 1 2 3 2 0 1 3 1 1 1 1 2 0 0 1 1 1 3 4 0 4 0 0 1 1 1 0 1 1 1 1 1 1 1 0 1 1 1 0 1 0 0 1 1 2 1 1 3 1 2 1 1 1 1 2 1 2 1 1 1 "
"eps1=0.94";"eps2=0.83";"minPts=4";"0 1 2 3 0 0 0 0 0 0 4 3 2 3 0 3 3 3 5 3 0 5 3 0 3 2 3 3 0 0 0 0 0 3 0 3 0 0 3 5 5 3 3 3 3 3 0 3 4 3 3 0 0 0 3 3 3 0 1 0 3 0 3 3 2 3 3 1 3 0 3 0 1 3 3 1 3 3 0 3 2 0 0 3 1 3 3 1 3 1 0 1 3 4 3 0 1 0 1 1 1 1 3 3 2 1 1 1 4 0 5 0 0 0 1 1 1 0 2 1 1 1 1 1 1 0 1 1 1 0 1 0 0 1 1 2 1 1 4 1 2 1 1 1 1 3 1 2 1 1 1 "
