"Numero di Clusters";"AngelaIndex";"Individui per cluster (Numero cluster: numero elementi)";"Numero di riga";"Cluster"
3;0.635;"0 : 18,1 : 80,2 : 53";70;"1 1 2 0 0 0 2 2 0 0 1 2 2 2 0 2 2 2 2 2 2 2 2 0 2 1 2 2 0 0 2 2 2 2 0 2 0 2 2 2 2 2 2 2 2 2 2 2 1 2 2 0 1 2 2 2 2 2 1 2 2 2 2 2 2 2 2 1 1 1 1 0 1 1 1 1 1 2 0 1 1 1 2 1 1 1 2 1 1 1 1 1 1 1 1 1 1 1 1 1 1 1 2 2 1 1 1 1 1 1 1 1 0 1 1 1 1 0 1 1 1 1 1 1 1 0 1 1 1 0 1 1 1 1 1 1 1 1 1 1 1 1 1 1 1 1 1 1 1 1 1 "
3;0.624;"0 : 25,1 : 79,2 : 47";77;"1 1 0 2 0 0 0 2 0 0 1 2 0 2 0 2 2 2 0 2 2 0 2 0 2 1 2 2 0 0 2 2 2 2 0 2 0 2 2 2 2 2 2 2 2 2 0 2 1 2 2 0 0 2 2 2 2 2 1 2 2 0 2 2 2 2 2 1 1 1 1 0 1 1 1 1 1 2 0 1 1 1 2 1 1 1 2 1 1 1 1 1 1 1 1 1 1 1 1 1 1 1 2 2 1 1 1 1 1 1 1 1 0 1 1 1 1 0 1 1 1 1 1 1 1 0 1 1 1 0 1 1 1 1 1 1 1 1 1 1 1 1 1 1 1 1 1 1 1 1 1 "
3;0.622;"0 : 26,1 : 77,2 : 48";71;"1 1 0 2 0 0 0 2 0 0 1 2 0 2 0 2 2 2 0 2 2 0 2 0 2 1 2 2 0 0 2 2 2 2 0 2 0 2 2 2 2 2 2 2 2 2 0 2 1 2 2 0 1 2 2 2 2 2 1 2 2 0 2 2 2 2 2 1 1 1 1 0 1 1 1 1 1 2 0 1 1 1 2 1 1 1 2 1 1 1 1 1 1 1 1 0 1 0 1 1 1 1 2 2 1 1 1 1 1 2 1 1 0 1 1 1 1 0 1 1 1 1 1 1 1 0 1 1 1 0 1 1 1 1 1 1 1 1 1 1 1 1 1 1 1 1 1 1 1 1 1 "
3;0.621;"0 : 27,1 : 76,2 : 48";78;"1 1 0 2 0 0 0 2 0 0 1 2 0 2 0 2 2 2 0 2 2 0 2 0 2 1 2 2 0 0 2 2 2 2 0 2 0 2 2 2 2 2 2 2 2 2 0 2 1 2 2 0 0 2 2 2 2 2 1 2 2 0 2 2 2 2 2 1 1 1 1 0 1 1 1 1 1 2 0 1 1 1 2 1 1 1 2 1 1 1 1 1 1 1 1 0 1 0 1 1 1 1 2 2 1 1 1 1 1 2 1 1 0 1 1 1 1 0 1 1 1 1 1 1 1 0 1 1 1 0 1 1 1 1 1 1 1 1 1 1 1 1 1 1 1 1 1 1 1 1 1 "
3;0.62;"0 : 25,1 : 102,2 : 24";58;"1 1 2 0 0 0 2 0 0 0 1 2 2 2 0 2 2 2 2 2 0 2 2 0 2 2 2 2 0 0 2 2 2 1 0 1 0 2 1 1 2 1 1 1 1 1 2 1 0 1 1 0 0 1 1 1 1 1 1 1 1 2 1 1 1 1 1 1 1 1 1 0 1 1 1 1 1 1 2 1 1 0 1 1 1 1 1 1 1 1 1 1 1 1 1 1 1 0 1 1 1 1 0 1 1 1 1 1 0 1 1 1 0 1 1 1 1 0 1 1 1 1 1 1 1 0 1 1 1 0 1 1 1 1 1 1 1 1 1 1 1 1 1 1 1 1 1 1 1 1 1 "
3;0.618;"0 : 27,1 : 105,2 : 19";50;"1 1 0 2 0 0 2 2 0 0 1 2 0 2 0 2 2 2 0 2 2 0 2 0 2 1 2 2 0 2 2 2 2 1 0 1 0 2 1 1 1 1 1 1 1 1 0 1 0 1 1 0 0 1 1 1 1 1 1 1 1 0 1 1 1 1 1 1 1 1 1 0 1 1 1 1 1 1 0 1 1 1 1 1 1 1 1 1 1 1 1 1 1 1 1 0 1 0 1 1 1 1 1 1 1 1 1 1 0 1 1 0 0 1 1 1 1 0 1 1 1 1 1 1 1 1 1 1 1 0 1 1 1 1 1 1 1 1 1 1 1 1 1 1 1 1 1 1 1 1 1 "
3;0.617;"0 : 27,1 : 102,2 : 22";53;"1 1 0 2 0 0 2 2 0 0 1 2 2 2 0 2 2 2 2 2 0 0 2 0 2 1 2 2 0 2 2 2 2 1 0 1 0 2 1 1 2 1 1 1 1 1 2 1 0 1 1 0 0 1 1 1 1 1 1 1 1 0 1 1 1 1 1 1 1 1 1 0 1 1 1 1 1 1 0 1 1 0 1 1 1 1 1 1 1 1 1 1 1 1 1 0 1 0 1 1 1 1 0 1 1 1 1 1 0 1 1 1 0 1 1 1 1 0 1 1 1 1 1 1 1 0 1 1 1 0 1 1 1 1 1 1 1 1 1 1 1 1 1 1 1 1 1 1 1 1 1 "
3;0.616;"0 : 30,1 : 73,2 : 48";84;"1 1 0 2 0 0 0 2 0 0 1 2 0 2 0 2 2 2 0 2 0 0 2 0 2 1 2 2 0 0 2 2 2 2 0 2 0 2 2 2 2 2 2 2 2 2 0 2 1 2 2 0 0 2 2 2 2 2 1 2 2 0 2 2 2 2 2 1 1 1 1 0 1 1 1 1 1 2 0 1 1 0 2 1 1 1 2 1 1 1 1 1 1 1 2 0 1 0 1 1 1 1 2 2 1 1 1 1 1 2 1 1 0 1 1 1 1 0 1 1 1 1 1 1 1 0 1 1 1 0 1 1 0 1 1 1 1 1 1 1 1 1 1 1 1 1 1 1 1 1 1 "
3;0.615;"0 : 28,1 : 104,2 : 19";47;"0 1 0 2 0 0 2 2 0 0 0 2 0 2 0 2 2 2 0 2 2 0 2 0 2 1 2 2 0 2 2 2 2 1 0 1 0 2 1 1 1 1 1 1 1 1 1 1 0 1 1 0 1 1 1 1 1 1 1 1 1 0 1 1 1 1 1 1 1 1 1 0 1 1 1 1 1 1 0 1 1 1 1 1 1 1 1 1 1 1 1 1 1 1 1 0 1 0 1 1 1 1 1 1 1 1 1 1 0 1 1 0 0 1 1 1 1 0 1 1 1 1 1 1 1 0 1 1 1 0 1 1 1 1 1 1 1 1 1 1 1 1 1 1 1 1 1 1 1 1 1 "
3;0.615;"0 : 28,1 : 102,2 : 21";59;"1 1 2 0 0 0 2 0 0 0 1 2 2 2 0 2 2 2 2 2 0 0 2 0 2 2 2 2 0 0 2 2 2 1 0 1 0 2 1 1 2 1 1 1 1 1 2 1 0 1 1 0 0 1 1 1 1 1 1 1 1 0 1 1 1 1 1 1 1 1 1 0 1 1 1 1 1 1 0 1 1 0 1 1 1 1 1 1 1 1 1 1 1 1 1 1 1 0 1 1 1 1 0 1 1 1 1 1 0 1 1 1 0 1 1 1 1 0 1 1 1 1 1 1 1 0 1 1 1 0 1 1 1 1 1 1 1 1 1 1 1 1 1 1 1 1 1 1 1 1 1 "
3;0.614;"0 : 29,1 : 103,2 : 19";51;"0 1 0 2 0 0 2 2 0 0 0 2 0 2 0 2 2 2 0 2 2 0 2 0 2 1 2 2 0 2 2 2 2 1 0 1 0 2 1 1 1 1 1 1 1 1 0 1 0 1 1 0 0 1 1 1 1 1 1 1 1 0 1 1 1 1 1 1 1 1 1 0 1 1 1 1 1 1 0 1 1 1 1 1 1 1 1 1 1 1 1 1 1 1 1 0 1 0 1 1 1 1 1 1 1 1 1 1 0 1 1 0 0 1 1 1 1 0 1 1 1 1 1 1 1 1 1 1 1 0 1 1 1 1 1 1 1 1 1 1 1 1 1 1 1 1 1 1 1 1 1 "
3;0.614;"0 : 29,1 : 101,2 : 21";54;"1 1 0 2 0 0 2 2 0 0 1 2 2 2 0 2 2 2 2 2 0 0 2 0 2 1 2 2 0 2 2 2 0 1 0 1 0 2 1 1 2 1 1 1 1 1 2 1 0 1 1 0 0 1 1 1 1 1 1 1 1 0 1 1 1 1 1 1 1 1 1 0 1 1 1 1 1 1 0 1 1 0 1 1 1 1 1 1 1 1 1 1 1 1 1 0 1 0 1 1 1 1 0 1 1 1 1 1 0 1 1 0 0 1 1 1 1 0 1 1 1 1 1 1 1 0 1 1 1 0 1 1 1 1 1 1 1 1 1 1 1 1 1 1 1 1 1 1 1 1 1 "
3;0.612;"0 : 30,1 : 101,2 : 20";60;"1 1 2 0 0 0 2 0 0 0 1 2 2 2 0 2 2 2 2 2 0 0 2 0 2 2 2 2 0 0 0 2 2 1 0 1 0 2 1 1 2 1 1 1 1 1 2 1 0 1 1 0 0 1 1 1 1 1 1 1 1 0 1 1 1 1 1 1 1 1 1 0 1 1 1 1 1 1 0 1 1 0 1 1 1 1 1 1 1 1 1 1 1 1 1 0 1 0 1 1 1 1 0 1 1 1 1 1 0 1 1 1 0 1 1 1 1 0 1 1 1 1 1 1 1 0 1 1 1 0 1 1 1 1 1 1 1 1 1 1 1 1 1 1 1 1 1 1 1 1 1 "
3;0.611;"0 : 32,1 : 75,2 : 44";72;"1 1 0 2 0 0 0 2 0 0 1 2 0 2 0 2 2 2 0 2 2 0 2 0 2 1 2 2 0 0 2 2 2 2 0 2 0 2 2 2 2 2 2 2 2 2 0 2 0 2 2 0 1 0 2 2 2 0 1 0 2 0 2 2 2 2 2 1 1 1 1 0 1 1 1 1 1 2 0 1 1 1 2 1 1 1 2 1 1 1 1 1 1 1 1 0 1 0 1 1 1 1 2 2 1 1 1 1 0 0 1 1 0 1 1 1 1 0 1 1 1 1 1 1 1 0 1 1 1 0 1 1 1 1 1 1 1 1 1 1 1 1 1 1 1 1 1 1 1 1 1 "
3;0.61;"0 : 30,1 : 104,2 : 17";48;"0 1 0 2 0 0 2 2 0 0 0 2 0 2 0 2 2 2 0 2 2 0 2 0 2 1 2 2 0 2 2 0 0 1 0 1 0 2 1 1 1 1 1 1 1 1 1 1 0 1 1 0 1 1 1 1 1 1 1 1 1 0 1 1 1 1 1 1 1 1 1 0 1 1 1 1 1 1 0 1 1 1 1 1 1 1 1 1 1 1 1 1 1 1 1 0 1 0 1 1 1 1 1 1 1 1 1 1 0 1 1 0 0 1 1 1 1 0 1 1 1 1 1 1 1 0 1 1 1 0 1 1 1 1 1 1 1 1 1 1 1 1 1 1 1 1 1 1 1 1 1 "
3;0.609;"0 : 32,1 : 25,2 : 94";9;"1 1 1 2 0 0 1 0 0 2 0 2 1 0 1 0 0 2 0 2 2 2 2 0 2 1 2 2 0 0 2 2 0 2 2 0 0 2 2 2 1 2 2 2 2 2 0 2 1 2 1 2 0 2 2 2 2 0 0 2 0 1 2 2 1 2 2 2 2 0 2 2 2 2 2 2 0 2 0 2 2 2 0 2 2 2 1 2 2 2 2 2 2 2 1 2 0 1 2 2 2 2 0 2 1 2 2 2 0 2 2 2 0 2 2 2 1 0 1 2 1 2 2 2 1 1 2 1 2 0 0 2 2 2 2 1 2 2 2 2 1 2 2 2 1 2 0 2 2 2 2 "
3;0.609;"0 : 34,1 : 67,2 : 50";17;"1 1 1 2 0 0 1 0 0 2 0 2 0 0 1 0 0 2 0 2 2 2 2 0 2 1 2 2 0 0 2 2 0 2 0 0 0 2 2 2 1 2 2 2 2 2 0 2 1 2 1 0 0 0 2 2 2 0 0 2 0 1 2 2 1 2 2 2 2 1 2 2 2 2 2 2 0 2 0 2 1 2 1 1 1 2 1 1 1 1 0 1 2 2 0 0 0 1 2 1 1 1 1 1 0 1 1 2 2 1 1 0 1 1 1 1 1 0 1 1 1 1 1 1 1 1 1 1 1 0 1 1 2 1 1 1 1 1 1 1 1 1 1 1 1 1 1 1 1 1 1 "
3;0.609;"0 : 34,1 : 66,2 : 51";23;"1 1 1 2 0 0 1 0 0 2 0 2 0 0 1 0 0 2 0 2 2 2 2 0 2 1 2 2 0 0 2 2 0 2 0 0 0 2 2 2 1 2 2 2 2 2 0 2 1 2 1 0 0 0 2 2 2 0 0 2 0 1 2 2 1 2 2 2 2 1 2 2 2 2 2 2 0 2 0 2 1 2 1 1 1 2 1 1 1 1 0 1 2 2 0 0 0 1 2 1 1 1 1 1 0 1 1 2 2 2 1 0 1 1 1 1 1 0 1 1 1 1 1 1 1 1 1 1 1 0 1 1 2 1 1 1 1 1 1 1 1 1 1 1 1 1 1 1 1 1 1 "
3;0.609;"0 : 33,1 : 74,2 : 44";79;"1 1 0 2 0 0 0 2 0 0 1 2 0 2 0 2 2 2 0 2 2 0 2 0 2 1 2 2 0 0 2 2 2 2 0 2 0 2 2 2 2 2 2 2 2 2 0 2 0 2 2 0 0 0 2 2 2 0 1 0 2 0 2 2 2 2 2 1 1 1 1 0 1 1 1 1 1 2 0 1 1 1 2 1 1 1 2 1 1 1 1 1 1 1 1 0 1 0 1 1 1 1 2 2 1 1 1 1 0 0 1 1 0 1 1 1 1 0 1 1 1 1 1 1 1 0 1 1 1 0 1 1 1 1 1 1 1 1 1 1 1 1 1 1 1 1 1 1 1 1 1 "
3;0.608;"0 : 33,1 : 100,2 : 18";61;"1 1 0 2 0 0 0 2 0 0 1 2 0 2 0 2 2 2 0 2 0 0 2 0 2 2 2 2 0 2 2 2 0 1 0 1 0 2 1 1 2 1 1 1 1 1 0 1 0 1 1 0 0 1 1 1 1 1 1 1 1 0 1 1 1 1 1 1 1 1 1 0 1 1 1 1 1 1 0 1 1 0 1 1 1 1 1 1 1 1 1 1 1 1 1 0 1 0 1 1 1 1 0 1 1 1 1 1 0 1 1 0 0 1 1 1 1 0 1 1 1 1 1 1 1 0 1 1 1 0 1 1 1 1 1 1 1 1 1 1 1 1 1 1 1 1 1 1 1 1 1 "
3;0.608;"0 : 35,1 : 105,2 : 11";108;"0 0 1 0 0 0 1 0 0 0 2 0 1 1 0 1 1 1 0 1 1 0 1 0 1 1 1 1 0 1 1 0 1 1 2 1 0 1 1 0 1 1 1 1 1 1 1 1 2 1 1 0 2 0 1 1 1 0 0 0 1 0 1 1 1 1 1 1 1 2 1 2 1 1 1 1 1 1 0 1 1 0 1 1 1 1 1 1 1 1 0 1 1 2 1 0 1 2 1 1 1 1 1 1 1 1 1 1 2 0 1 0 2 0 1 1 1 0 1 1 1 1 1 1 1 0 1 1 1 0 1 0 0 1 1 1 1 1 2 1 1 1 1 1 1 1 1 1 1 1 1 "
3;0.607;"0 : 33,1 : 25,2 : 93";11;"1 1 1 2 0 0 1 0 0 2 0 2 1 0 1 0 0 2 0 2 2 2 2 0 2 1 2 2 0 0 2 2 0 2 2 0 0 2 2 2 1 2 2 2 2 2 0 2 1 2 1 2 0 2 2 2 2 0 0 2 0 1 2 2 1 2 2 2 2 0 2 2 2 2 2 2 0 2 0 2 2 0 0 2 2 2 1 2 2 2 2 2 2 2 1 2 0 1 2 2 2 2 0 2 1 2 2 2 0 2 2 2 0 2 2 2 1 0 1 2 1 2 2 2 1 1 2 1 2 0 0 2 2 2 2 1 2 2 2 2 1 2 2 2 1 2 0 2 2 2 2 "
3;0.607;"0 : 35,1 : 65,2 : 51";24;"1 1 1 2 0 0 1 0 0 2 0 2 0 0 1 0 0 2 0 2 2 2 2 0 2 1 2 2 0 0 2 2 0 2 0 0 0 2 2 2 1 2 2 2 2 2 0 2 1 2 1 0 0 0 2 2 2 0 0 2 0 1 2 2 1 2 2 2 2 1 2 2 2 2 2 2 0 2 0 2 1 2 1 1 1 2 1 1 1 1 0 1 2 2 0 0 0 1 2 1 1 1 1 1 0 1 1 2 2 2 1 0 0 1 1 1 1 0 1 1 1 1 1 1 1 1 1 1 1 0 1 1 2 1 1 1 1 1 1 1 1 1 1 1 1 1 1 1 1 1 1 "
3;0.607;"0 : 33,1 : 101,2 : 17";55;"1 1 0 2 0 0 2 2 0 0 1 2 0 2 0 2 2 2 0 2 0 0 2 0 2 1 2 2 0 2 2 0 0 1 0 1 0 2 1 1 2 1 1 1 1 1 0 1 0 1 1 0 0 1 1 1 1 1 1 1 1 0 1 1 1 1 1 1 1 1 1 0 1 1 1 1 1 1 0 1 1 0 1 1 1 1 1 1 1 1 1 1 1 1 1 0 1 0 1 1 1 1 0 1 1 1 1 1 0 1 1 0 0 1 1 1 1 0 1 1 1 1 1 1 1 0 1 1 1 0 1 1 1 1 1 1 1 1 1 1 1 1 1 1 1 1 1 1 1 1 1 "
3;0.607;"0 : 36,1 : 104,2 : 11";116;"0 0 1 0 0 0 1 0 0 0 2 0 1 1 0 1 1 1 0 1 0 0 1 0 1 1 1 1 0 1 1 0 1 1 2 1 0 1 1 0 1 1 1 1 1 1 1 1 2 1 1 0 2 0 1 1 1 0 0 0 1 0 1 1 1 1 1 1 1 2 1 2 1 1 1 1 1 1 0 1 1 0 1 1 1 1 1 1 1 1 0 1 1 2 1 0 1 2 1 1 1 1 1 1 1 1 1 1 2 0 1 0 2 0 1 1 1 0 1 1 1 1 1 1 1 0 1 1 1 0 1 0 0 1 1 1 1 1 2 1 1 1 1 1 1 1 1 1 1 1 1 "
3;0.606;"0 : 36,1 : 65,2 : 50";18;"1 1 1 2 0 0 1 0 0 2 0 2 0 0 1 0 0 2 0 2 2 2 2 0 2 1 2 2 0 0 2 2 0 2 0 0 0 2 2 2 1 2 2 2 2 2 0 2 1 2 1 0 0 0 2 2 2 0 0 2 0 1 2 2 1 2 2 2 2 1 2 2 2 2 2 2 0 2 0 2 1 2 1 1 1 2 1 1 1 1 0 1 2 2 0 0 0 1 2 1 1 1 1 1 0 1 1 2 2 1 1 0 0 1 1 1 1 0 1 1 1 1 1 1 1 1 1 1 1 0 0 1 2 1 1 1 1 1 1 1 1 1 1 1 1 1 1 1 1 1 1 "
3;0.606;"0 : 36,1 : 64,2 : 51";25;"1 1 1 2 0 0 1 0 0 2 0 2 0 0 1 0 0 2 0 2 2 2 2 0 2 1 2 2 0 0 2 2 0 2 0 0 0 2 2 2 1 2 2 2 2 2 0 2 1 2 1 0 0 0 2 2 2 0 0 2 0 1 2 2 1 2 2 2 2 1 2 2 2 2 2 2 0 2 0 2 1 2 1 1 1 2 1 1 1 1 0 1 2 2 0 0 0 1 2 1 1 1 1 1 0 1 1 2 2 2 1 0 0 1 1 1 1 0 1 1 1 1 1 1 1 1 1 1 1 0 0 1 2 1 1 1 1 1 1 1 1 1 1 1 1 1 1 1 1 1 1 "
3;0.606;"0 : 35,1 : 68,2 : 48";91;"1 1 0 2 0 0 0 2 0 0 1 2 0 2 0 2 2 2 0 2 0 0 2 0 2 2 2 2 0 0 2 2 2 2 0 2 0 2 2 2 2 2 2 2 2 2 0 2 0 2 2 0 0 0 2 2 2 0 2 0 2 0 2 2 2 2 2 1 1 1 1 0 1 1 1 1 1 2 0 1 1 0 2 1 1 1 2 1 1 1 1 1 1 1 2 0 1 0 1 1 1 1 2 2 1 1 1 1 0 2 1 2 0 1 1 1 1 0 1 1 1 1 1 1 1 0 1 1 1 0 1 1 0 1 1 1 1 1 1 1 1 1 1 1 1 1 1 1 1 1 1 "
3;0.605;"0 : 34,1 : 22,2 : 95";3;"1 1 1 2 0 0 1 0 0 2 0 2 1 0 1 0 0 2 0 2 2 2 2 0 2 1 2 2 0 0 2 2 0 2 2 0 0 2 2 2 0 2 2 2 2 2 0 2 0 2 1 2 0 2 2 2 2 0 0 2 0 1 2 2 1 2 2 2 2 2 2 2 2 2 2 2 0 2 0 2 2 2 0 2 2 2 1 2 2 2 2 2 2 2 1 2 0 1 2 2 2 2 0 2 1 2 2 2 0 2 2 2 0 2 2 2 1 0 0 2 1 2 2 2 1 1 2 1 2 0 0 2 2 2 2 1 2 2 2 2 1 2 2 2 1 2 0 2 2 2 2 "
3;0.605;"0 : 34,1 : 25,2 : 92";13;"1 1 1 2 0 0 1 0 0 2 0 2 1 0 1 0 0 2 0 2 2 2 2 0 2 1 2 2 0 0 2 2 0 2 0 0 0 2 2 2 1 2 2 2 2 2 0 2 1 2 1 2 0 2 2 2 2 0 0 2 0 1 2 2 1 2 2 2 2 0 2 2 2 2 2 2 0 2 0 2 2 0 0 2 2 2 1 2 2 2 2 2 2 2 1 2 0 1 2 2 2 2 0 2 1 2 2 2 0 2 2 2 0 2 2 2 1 0 1 2 1 2 2 2 1 1 2 1 2 0 0 2 2 2 2 1 2 2 2 2 1 2 2 2 1 2 0 2 2 2 2 "
3;0.605;"0 : 37,1 : 63,2 : 51";29;"1 1 1 2 0 0 1 0 0 2 0 2 0 0 1 0 0 2 0 2 2 2 2 0 2 1 2 2 0 0 2 2 0 2 0 0 0 2 2 2 1 2 2 2 2 2 0 2 1 2 1 0 0 0 2 2 2 0 0 2 0 1 2 2 1 2 2 2 2 1 2 2 2 2 2 2 0 2 0 2 1 0 1 1 1 2 1 1 1 1 0 1 2 2 0 0 0 1 2 1 1 1 1 2 0 1 1 2 2 2 1 0 1 1 1 1 1 0 1 1 1 2 1 1 1 1 1 1 1 0 0 1 0 1 1 1 1 1 1 1 1 1 1 1 1 1 1 1 1 1 1 "
3;0.605;"0 : 34,1 : 100,2 : 17";62;"1 1 0 2 0 0 0 2 0 0 1 2 0 2 0 2 2 2 0 2 0 0 2 0 2 2 2 2 0 2 2 0 0 1 0 1 0 2 1 1 2 1 1 1 1 1 0 1 0 1 1 0 0 1 1 1 1 1 1 1 1 0 1 1 1 1 1 1 1 1 1 0 1 1 1 1 1 1 0 1 1 0 1 1 1 1 1 1 1 1 1 1 1 1 1 0 1 0 1 1 1 1 0 1 1 1 1 1 0 1 1 0 0 1 1 1 1 0 1 1 1 1 1 1 1 0 1 1 1 0 1 1 1 1 1 1 1 1 1 1 1 1 1 1 1 1 1 1 1 1 1 "
3;0.605;"0 : 34,1 : 73,2 : 44";73;"0 1 0 2 0 0 0 2 0 0 0 2 0 2 0 2 2 2 0 2 2 0 2 0 2 1 2 2 0 0 2 2 2 2 0 2 0 2 2 2 2 2 2 2 2 2 0 2 0 2 2 0 1 0 2 2 2 0 1 0 2 0 2 2 2 2 2 1 1 1 1 0 1 1 1 1 1 2 0 1 1 1 2 1 1 1 2 1 1 1 1 1 1 1 1 0 1 0 1 1 1 1 2 2 1 1 1 1 0 0 1 1 0 1 1 1 1 0 1 1 1 1 1 1 1 0 1 1 1 0 1 1 1 1 1 1 1 1 1 1 1 1 1 1 1 1 1 1 1 1 1 "
3;0.604;"0 : 33,1 : 22,2 : 96";1;"1 1 1 2 0 0 1 0 0 2 0 2 1 0 1 0 0 2 0 2 2 2 2 0 2 1 2 2 0 0 2 2 0 2 2 0 0 2 2 2 0 2 2 2 2 2 0 2 0 2 1 2 0 2 2 2 2 0 0 2 0 1 2 2 1 2 2 2 2 2 2 2 2 2 2 2 0 2 0 2 2 2 0 2 2 2 1 2 2 2 2 2 2 2 1 2 0 1 2 2 2 2 0 2 1 2 2 2 0 2 2 2 0 2 2 2 1 2 0 2 1 2 2 2 1 1 2 1 2 0 0 2 2 2 2 1 2 2 2 2 1 2 2 2 1 2 0 2 2 2 2 "
3;0.604;"0 : 37,1 : 63,2 : 51";26;"1 1 1 2 0 0 1 0 0 2 0 2 0 0 1 0 0 2 0 2 2 2 2 0 2 1 2 2 0 0 2 2 0 2 0 0 0 2 2 2 1 2 2 2 2 2 0 2 1 2 1 0 0 0 2 2 2 0 0 2 0 1 2 2 1 2 2 2 2 1 2 2 2 2 2 2 0 2 0 2 1 2 0 1 1 2 1 1 1 1 0 1 2 2 0 0 0 1 2 1 1 1 1 1 0 1 1 2 2 2 1 0 0 1 1 1 1 0 1 1 1 1 1 1 1 1 1 1 1 0 0 1 2 1 1 1 1 1 1 1 1 1 1 1 1 1 1 1 1 1 1 "
3;0.604;"0 : 35,1 : 72,2 : 44";74;"0 1 0 2 0 0 0 2 0 0 0 2 0 2 0 2 2 2 0 2 2 0 2 0 2 1 2 2 0 0 2 2 2 2 0 2 0 2 2 2 2 2 2 2 2 2 0 2 0 2 2 0 1 0 2 2 2 0 1 0 2 0 2 2 2 2 2 1 1 1 1 0 1 1 1 1 1 2 0 1 1 1 2 1 1 1 2 1 1 1 1 1 1 1 1 0 1 0 1 1 1 1 2 2 1 1 1 1 0 0 1 0 0 1 1 1 1 0 1 1 1 1 1 1 1 0 1 1 1 0 1 1 1 1 1 1 1 1 1 1 1 1 1 1 1 1 1 1 1 1 1 "
3;0.604;"0 : 35,1 : 72,2 : 44";80;"0 1 0 2 0 0 0 2 0 0 0 2 0 2 0 2 2 2 0 2 2 0 2 0 2 1 2 2 0 0 2 2 2 2 0 2 0 2 2 2 2 2 2 2 2 2 0 2 0 2 2 0 0 0 2 2 2 0 1 0 2 0 2 2 2 2 2 1 1 1 1 0 1 1 1 1 1 2 0 1 1 1 2 1 1 1 2 1 1 1 1 1 1 1 1 0 1 0 1 1 1 1 2 2 1 1 1 1 0 0 1 1 0 1 1 1 1 0 1 1 1 1 1 1 1 0 1 1 1 0 1 1 1 1 1 1 1 1 1 1 1 1 1 1 1 1 1 1 1 1 1 "
3;0.604;"0 : 36,1 : 71,2 : 44";85;"1 1 0 2 0 0 0 2 0 0 1 2 0 2 0 2 2 2 0 2 0 0 2 0 2 1 2 2 0 0 2 2 2 2 0 2 0 2 2 2 2 2 2 2 2 2 0 2 0 2 2 0 0 0 2 2 2 0 1 0 2 0 2 2 2 2 2 1 1 1 1 0 1 1 1 1 1 2 0 1 1 0 2 1 1 1 2 1 1 1 1 1 1 1 2 0 1 0 1 1 1 1 2 2 1 1 1 1 0 0 1 1 0 1 1 1 1 0 1 1 1 1 1 1 1 0 1 1 1 0 1 1 0 1 1 1 1 1 1 1 1 1 1 1 1 1 1 1 1 1 1 "
3;0.603;"0 : 34,1 : 22,2 : 95";2;"1 1 1 2 0 0 1 0 0 2 0 2 1 0 1 0 0 2 0 2 2 2 2 0 2 1 2 2 0 0 2 2 0 2 2 0 0 2 2 2 0 2 2 2 2 2 0 2 0 2 1 2 0 2 2 2 2 0 0 2 0 1 2 2 1 2 2 2 2 2 2 2 2 2 2 2 0 2 0 2 2 2 0 2 2 2 1 2 2 2 2 2 2 2 1 2 0 1 2 2 2 2 0 2 1 2 2 0 0 2 2 2 0 2 2 2 1 2 0 2 1 2 2 2 1 1 2 1 2 0 0 2 2 2 2 1 2 2 2 2 1 2 2 2 1 2 0 2 2 2 2 "
3;0.603;"0 : 35,1 : 22,2 : 94";4;"1 1 1 2 0 0 1 0 0 2 0 2 1 0 1 0 0 2 0 2 2 2 2 0 2 1 2 2 0 0 2 2 0 2 2 0 0 2 2 2 0 2 2 2 2 2 0 2 0 2 1 2 0 2 2 2 2 0 0 2 0 1 2 2 1 2 2 2 2 2 2 2 2 2 2 2 0 2 0 2 2 2 0 2 2 2 1 2 2 2 2 2 2 2 1 2 0 1 2 2 2 2 0 2 1 2 2 0 0 2 2 2 0 2 2 2 1 0 0 2 1 2 2 2 1 1 2 1 2 0 0 2 2 2 2 1 2 2 2 2 1 2 2 2 1 2 0 2 2 2 2 "
3;0.603;"0 : 35,1 : 22,2 : 94";6;"1 1 1 2 0 0 1 0 0 2 0 2 1 0 1 0 0 2 0 2 2 2 2 0 2 1 2 2 0 0 2 2 0 2 2 0 0 2 2 2 0 2 2 2 2 2 0 2 0 2 1 2 0 2 2 2 2 0 0 2 0 1 2 2 1 2 2 2 2 0 2 2 2 2 2 2 0 2 0 2 2 2 0 2 2 2 1 2 2 2 2 2 2 2 1 2 0 1 2 2 2 2 0 2 1 2 2 2 0 2 2 2 0 2 2 2 1 0 0 2 1 2 2 2 1 1 2 1 2 0 0 2 2 2 2 1 2 2 2 2 1 2 2 2 1 2 0 2 2 2 2 "
3;0.603;"0 : 37,1 : 68,2 : 46";92;"1 1 0 2 0 0 0 2 0 0 1 2 0 2 0 2 2 2 0 2 0 0 2 0 2 2 2 2 0 0 2 2 2 2 0 2 0 2 2 2 2 2 2 2 2 2 0 2 0 2 2 0 0 0 2 2 2 0 2 0 2 0 2 2 2 2 2 1 1 1 1 0 1 1 1 1 1 2 0 1 1 0 2 1 1 1 2 1 1 1 1 1 1 1 2 0 1 0 1 1 1 1 2 2 1 1 1 1 0 0 1 0 0 1 1 1 1 0 1 1 1 1 1 1 1 0 1 1 1 0 1 1 0 1 1 1 1 1 1 1 1 1 1 1 1 1 1 1 1 1 1 "
3;0.602;"0 : 36,1 : 22,2 : 93";5;"1 1 1 2 0 0 1 0 0 2 0 2 1 0 1 0 0 2 0 2 2 2 2 0 2 1 2 2 0 0 2 2 0 2 2 0 0 2 2 2 0 2 2 2 2 2 0 2 0 2 1 2 0 2 2 2 2 0 0 2 0 1 2 2 1 2 2 2 2 0 2 2 2 2 2 2 0 2 0 2 2 2 0 2 2 2 1 2 2 2 2 2 2 2 1 2 0 1 2 2 2 2 0 2 1 2 2 0 0 2 2 2 0 2 2 2 1 0 0 2 1 2 2 2 1 1 2 1 2 0 0 2 2 2 2 1 2 2 2 2 1 2 2 2 1 2 0 2 2 2 2 "
3;0.602;"0 : 38,1 : 64,2 : 49";19;"1 1 1 2 0 0 1 0 0 2 0 2 0 0 1 0 0 2 0 2 2 2 2 0 2 1 2 2 0 0 2 2 0 2 0 0 0 2 2 2 1 2 2 2 2 2 0 2 1 2 1 0 0 0 2 2 2 0 0 2 0 1 2 2 1 2 2 2 2 1 2 2 2 2 2 2 0 2 0 2 1 2 0 1 1 2 1 1 1 1 0 1 2 2 0 0 0 1 2 1 1 1 1 1 0 1 1 0 2 1 1 0 0 1 1 1 1 0 1 1 1 1 1 1 1 1 1 1 1 0 0 1 2 1 1 1 1 1 1 1 1 1 1 1 1 1 1 1 1 1 1 "
3;0.602;"0 : 36,1 : 71,2 : 44";81;"0 1 0 2 0 0 0 2 0 0 0 2 0 2 0 2 2 2 0 2 2 0 2 0 2 1 2 2 0 0 2 2 2 2 0 2 0 2 2 2 2 2 2 2 2 2 0 2 0 2 2 0 0 0 2 2 2 0 1 0 2 0 2 2 2 2 2 1 1 1 1 0 1 1 1 1 1 2 0 1 1 1 2 1 1 1 2 1 1 1 1 1 1 1 1 0 1 0 1 1 1 1 2 2 1 1 1 1 0 0 1 0 0 1 1 1 1 0 1 1 1 1 1 1 1 0 1 1 1 0 1 1 1 1 1 1 1 1 1 1 1 1 1 1 1 1 1 1 1 1 1 "
3;0.601;"0 : 36,1 : 22,2 : 93";8;"1 1 1 2 0 0 1 0 0 2 0 2 1 0 1 0 0 2 0 2 2 2 2 0 2 1 2 2 0 0 2 2 0 2 2 0 0 2 2 2 0 2 2 2 2 2 0 2 0 2 1 2 0 2 2 2 2 0 0 2 0 1 2 2 1 2 2 2 2 0 2 2 2 2 2 2 0 2 0 2 2 0 0 2 2 2 1 2 2 2 2 2 2 2 1 2 0 1 2 2 2 2 0 2 1 2 2 2 0 2 2 2 0 2 2 2 1 0 0 2 1 2 2 2 1 1 2 1 2 0 0 2 2 2 2 1 2 2 2 2 1 2 2 2 1 2 0 2 2 2 2 "
3;0.601;"0 : 35,1 : 104,2 : 12";49;"0 1 0 2 0 0 2 2 0 0 0 2 0 2 0 2 0 2 0 0 0 0 2 0 0 1 0 2 0 2 2 0 0 1 0 1 0 2 1 1 1 1 1 1 1 1 1 1 0 1 1 0 1 1 1 1 1 1 1 1 1 0 1 1 1 1 1 1 1 1 1 0 1 1 1 1 1 1 0 1 1 1 1 1 1 1 1 1 1 1 1 1 1 1 1 0 1 0 1 1 1 1 1 1 1 1 1 1 0 1 1 0 0 1 1 1 1 0 1 1 1 1 1 1 1 0 1 1 1 0 1 1 1 1 1 1 1 1 1 1 1 1 1 1 1 1 1 1 1 1 1 "
3;0.6;"0 : 37,1 : 26,2 : 88";15;"1 1 1 2 0 0 1 0 0 2 0 2 0 0 1 0 0 2 0 2 2 2 2 0 2 1 2 2 0 0 2 2 0 2 0 0 0 2 2 2 1 2 2 2 2 2 0 2 1 2 1 0 0 0 2 2 2 0 0 2 0 1 2 2 1 2 2 2 2 0 2 2 2 2 2 2 0 2 0 2 2 2 0 2 2 2 1 2 2 2 0 2 2 2 0 0 0 1 2 2 2 2 1 2 1 2 2 2 2 2 2 0 0 2 2 2 1 0 1 2 1 2 2 2 1 1 2 1 2 0 0 2 2 2 2 1 2 2 2 2 1 2 1 2 1 2 1 2 2 2 2 "
3;0.6;"0 : 38,1 : 48,2 : 65";21;"1 1 1 2 0 0 1 0 0 2 0 2 0 0 1 0 0 2 0 2 2 2 2 0 2 1 2 2 0 0 2 2 0 2 0 0 0 2 2 2 1 2 2 2 2 2 0 2 1 2 1 0 0 0 2 2 2 0 0 2 0 1 2 2 1 2 2 2 2 0 2 2 2 2 2 2 0 2 0 2 2 2 0 2 2 2 1 2 2 2 0 1 2 2 0 0 0 1 2 2 2 2 1 2 0 1 1 2 2 2 2 0 0 2 1 1 1 0 1 1 1 2 2 1 1 1 1 1 1 0 0 1 2 1 1 1 1 1 1 1 1 1 1 1 1 1 1 1 1 1 1 "
3;0.6;"0 : 38,1 : 62,2 : 51";30;"1 1 1 2 0 0 1 0 0 2 0 2 0 0 1 0 0 2 0 2 2 2 2 0 2 1 2 2 0 0 2 2 0 2 0 0 0 2 2 2 1 2 2 2 2 2 0 2 1 2 1 0 0 0 2 2 2 0 0 2 0 1 2 2 1 2 2 2 2 1 2 2 2 2 2 2 0 2 0 2 1 0 1 1 1 2 1 1 1 1 0 1 2 2 0 0 0 1 2 1 1 1 1 2 0 1 1 2 2 2 1 0 0 1 1 1 1 0 1 1 1 2 1 1 1 1 1 1 1 0 0 1 0 1 1 1 1 1 1 1 1 1 1 1 1 1 1 1 1 1 1 "
3;0.599;"0 : 37,1 : 22,2 : 92";7;"1 1 1 2 0 0 1 0 0 2 0 2 1 0 1 0 0 2 0 2 2 2 2 0 2 1 2 2 0 0 2 2 0 2 2 0 0 2 2 2 0 2 2 2 2 2 0 2 0 2 1 2 0 2 2 2 2 0 0 2 0 1 2 2 1 2 2 2 2 0 2 2 2 2 2 2 0 2 0 2 2 0 0 2 2 2 1 2 2 2 2 2 2 2 1 2 0 1 2 2 2 2 0 2 1 2 2 0 0 2 2 2 0 2 2 2 1 0 0 2 1 2 2 2 1 1 2 1 2 0 0 2 2 2 2 1 2 2 2 2 1 2 2 2 1 2 0 2 2 2 2 "
3;0.599;"0 : 38,1 : 24,2 : 89";14;"0 0 1 2 0 0 1 0 0 2 0 2 0 0 1 0 0 2 0 2 2 2 2 0 2 1 2 2 0 0 2 2 0 2 0 0 0 2 2 2 1 2 2 2 2 2 0 2 1 2 1 0 0 0 2 2 2 0 0 2 0 1 2 2 1 2 2 2 2 0 2 2 2 2 2 2 0 2 0 2 2 2 0 2 2 2 1 2 2 2 0 2 2 2 0 2 0 1 2 2 2 2 1 2 1 2 2 2 2 2 2 0 0 2 2 2 1 0 1 2 1 2 2 2 1 1 2 1 2 0 0 2 2 2 2 1 2 2 2 2 1 2 1 2 1 2 1 2 2 2 2 "
3;0.599;"0 : 40,1 : 61,2 : 50";27;"0 1 1 2 0 0 1 0 0 2 0 2 0 0 1 0 0 2 0 2 2 2 2 0 2 0 2 2 0 0 2 2 0 2 0 0 0 2 2 2 1 2 2 2 2 2 0 2 1 2 1 0 0 0 2 2 2 0 0 2 0 1 2 2 1 2 2 2 2 1 2 2 2 2 2 2 0 2 0 2 1 2 0 1 1 2 1 1 1 1 0 1 2 2 0 0 0 1 2 1 1 1 1 1 0 1 1 0 2 2 1 0 0 1 1 1 1 0 1 1 1 1 1 1 1 1 1 1 1 0 0 1 2 1 1 1 1 1 1 1 1 1 1 1 1 1 1 1 1 1 1 "
3;0.599;"0 : 39,1 : 61,2 : 51";31;"1 1 1 2 0 0 1 0 0 2 0 2 0 0 1 0 0 2 0 2 2 2 2 0 2 1 2 2 0 0 2 2 0 2 0 0 0 2 2 2 1 2 2 2 2 2 0 2 1 2 1 0 0 0 2 2 2 0 0 2 0 1 2 2 1 2 2 2 2 1 2 2 2 2 2 2 0 2 0 2 1 0 0 1 1 2 1 1 1 1 0 1 2 2 0 0 0 1 2 1 1 1 1 2 0 1 1 2 2 2 1 0 0 1 1 1 1 0 1 1 1 2 1 1 1 1 1 1 1 0 0 1 0 1 1 1 1 1 1 1 1 1 1 1 1 1 1 1 1 1 1 "
3;0.599;"0 : 38,1 : 69,2 : 44";75;"0 1 0 2 0 0 0 2 0 0 0 2 0 2 0 2 2 2 0 2 2 0 2 0 2 1 2 2 0 0 2 2 2 2 0 2 0 2 2 2 2 2 2 2 2 2 0 2 0 2 2 0 1 0 2 2 2 0 1 0 2 0 2 2 2 2 2 1 1 1 1 0 1 1 1 1 1 2 0 1 1 1 2 1 1 1 2 1 1 1 1 1 1 0 1 0 1 0 1 1 1 1 2 2 1 1 1 1 0 0 1 0 0 0 1 1 1 0 1 1 1 1 1 1 1 0 1 1 1 0 1 0 1 1 1 1 1 1 1 1 1 1 1 1 1 1 1 1 1 1 1 "
3;0.599;"0 : 38,1 : 69,2 : 44";86;"0 1 0 2 0 0 0 2 0 0 0 2 0 2 0 2 2 2 0 2 0 0 2 0 2 1 2 2 0 0 2 2 2 2 0 2 0 2 2 2 2 2 2 2 2 2 0 2 0 2 2 0 0 0 2 2 2 0 1 0 2 0 2 2 2 2 2 1 1 1 1 0 1 1 1 1 1 2 0 1 1 0 2 1 1 1 2 1 1 1 1 1 1 1 2 0 1 0 1 1 1 1 2 2 1 1 1 1 0 0 1 1 0 1 1 1 1 0 1 1 1 1 1 1 1 0 1 1 1 0 1 1 0 1 1 1 1 1 1 1 1 1 1 1 1 1 1 1 1 1 1 "
3;0.598;"0 : 38,1 : 20,2 : 93";10;"1 1 1 2 0 0 1 0 0 2 0 2 1 0 1 0 0 2 0 2 2 2 2 0 2 1 2 2 0 0 2 2 0 2 2 0 0 2 2 2 0 2 2 2 2 2 0 2 0 2 1 2 0 2 2 2 2 0 0 2 0 0 2 2 1 2 2 2 2 0 2 2 2 2 2 2 0 2 0 2 2 0 0 2 2 2 1 2 2 2 2 2 2 2 1 2 0 1 2 2 2 2 0 2 1 2 2 2 0 2 2 2 0 2 2 2 1 0 0 2 0 2 2 2 1 1 2 1 2 0 0 2 2 2 2 1 2 2 2 2 1 2 2 2 1 2 0 2 2 2 2 "
3;0.598;"0 : 37,1 : 102,2 : 12";52;"0 1 0 2 0 0 2 2 0 0 0 2 0 2 0 2 0 2 0 0 0 0 2 0 0 1 0 2 0 2 2 0 0 1 0 1 0 2 1 1 1 1 1 1 1 1 0 1 0 1 1 0 0 1 1 1 1 1 1 1 1 0 1 1 1 1 1 1 1 1 1 0 1 1 1 1 1 1 0 1 1 1 1 1 1 1 1 1 1 1 1 1 1 1 1 0 1 0 1 1 1 1 1 1 1 1 1 1 0 1 1 0 0 1 1 1 1 0 1 1 1 1 1 1 1 0 1 1 1 0 1 1 1 1 1 1 1 1 1 1 1 1 1 1 1 1 1 1 1 1 1 "
3;0.598;"0 : 38,1 : 70,2 : 43";66;"1 1 2 0 0 0 2 0 0 0 1 2 2 0 0 0 0 2 2 2 0 2 2 0 2 2 2 2 0 0 0 0 2 2 0 2 0 2 2 2 2 2 2 2 2 2 2 2 0 2 2 0 0 0 2 2 2 0 0 0 2 0 2 2 2 2 2 1 1 1 1 0 1 1 1 1 1 1 0 1 1 0 2 1 1 1 2 1 1 1 0 1 1 1 2 0 1 0 1 1 1 1 2 1 1 1 1 1 0 2 1 0 0 1 1 1 1 0 1 1 1 1 1 1 1 0 1 1 1 0 1 1 1 1 1 1 1 1 1 1 1 1 1 1 1 1 1 1 1 1 1 "
3;0.597;"0 : 39,1 : 68,2 : 44";82;"0 1 0 2 0 0 0 2 0 0 0 2 0 2 0 2 2 2 0 2 2 0 2 0 2 1 2 2 0 0 2 2 2 2 0 2 0 2 2 2 2 2 2 2 2 2 0 2 0 2 2 0 0 0 2 2 2 0 1 0 2 0 2 2 2 2 2 1 1 1 1 0 1 1 1 1 1 2 0 1 1 0 2 1 1 1 2 1 1 1 1 1 1 0 1 0 1 0 1 1 1 1 2 2 1 1 1 1 0 0 1 0 0 0 1 1 1 0 1 1 1 1 1 1 1 0 1 1 1 0 1 1 1 1 1 1 1 1 1 1 1 1 1 1 1 1 1 1 1 1 1 "
3;0.597;"0 : 39,1 : 68,2 : 44";87;"0 1 0 2 0 0 0 2 0 0 0 2 0 2 0 2 2 2 0 2 0 0 2 0 2 1 2 2 0 0 2 2 2 2 0 2 0 2 2 2 2 2 2 2 2 2 0 2 0 2 2 0 0 0 2 2 2 0 1 0 2 0 2 2 2 2 2 1 1 1 1 0 1 1 1 1 1 2 0 1 1 0 2 1 1 1 2 1 1 1 1 1 1 1 2 0 1 0 1 1 1 1 2 2 1 1 1 1 0 0 1 0 0 1 1 1 1 0 1 1 1 1 1 1 1 0 1 1 1 0 1 1 0 1 1 1 1 1 1 1 1 1 1 1 1 1 1 1 1 1 1 "
3;0.597;"0 : 39,1 : 65,2 : 47";93;"0 1 0 2 0 0 0 2 0 0 0 2 0 2 0 2 2 2 0 2 0 0 2 0 2 2 2 2 0 0 2 2 2 2 0 2 0 2 2 2 2 2 2 2 2 2 0 2 0 2 2 0 0 0 2 2 2 0 2 0 2 0 2 2 2 2 2 1 1 1 1 0 2 1 1 1 1 2 0 1 1 0 2 1 1 1 2 1 1 1 1 1 1 1 2 0 1 0 1 1 1 1 2 2 1 1 1 1 0 0 1 0 0 1 1 1 1 0 1 1 1 1 1 1 1 0 1 1 1 0 1 1 0 1 1 1 1 1 1 1 1 1 1 1 1 1 1 1 1 1 1 "
3;0.597;"0 : 39,1 : 68,2 : 44";130;"1 1 2 0 0 0 2 0 0 0 0 0 2 2 0 2 2 2 0 2 0 0 2 0 2 1 2 2 0 0 2 0 2 2 0 2 0 2 2 0 2 2 2 2 2 2 2 2 0 2 2 0 0 0 2 2 2 0 1 0 2 0 2 2 2 2 2 1 1 1 1 0 1 1 1 1 1 2 0 1 1 1 2 1 1 1 2 1 1 1 0 1 1 0 1 0 1 0 1 1 1 1 2 2 2 1 1 1 0 0 1 1 0 1 1 1 1 0 2 1 1 1 1 1 1 0 1 1 1 0 1 1 0 1 1 1 1 1 1 1 1 1 1 1 1 1 1 1 1 1 1 "
3;0.596;"0 : 39,1 : 19,2 : 93";12;"1 1 1 2 0 0 1 0 0 2 0 2 1 0 0 0 0 2 0 2 2 2 2 0 2 1 2 2 0 0 2 2 0 2 2 0 0 2 2 2 0 2 2 2 2 2 0 2 0 2 1 2 0 2 2 2 2 0 0 2 0 0 2 2 1 2 2 2 2 0 2 2 2 2 2 2 0 2 0 2 2 0 0 2 2 2 1 2 2 2 2 2 2 2 1 2 0 1 2 2 2 2 0 2 1 2 2 2 0 2 2 2 0 2 2 2 1 0 0 2 0 2 2 2 1 1 2 1 2 0 0 2 2 2 2 1 2 2 2 2 1 2 2 2 1 2 0 2 2 2 2 "
3;0.596;"0 : 40,1 : 23,2 : 88";16;"0 0 1 2 0 0 1 0 0 2 0 2 0 0 1 0 0 2 0 2 2 2 2 0 2 0 2 2 0 0 2 2 0 2 0 0 0 2 2 2 1 2 2 2 2 2 0 2 1 2 1 0 0 0 2 2 2 0 0 2 0 1 2 2 1 2 2 2 2 0 2 2 2 2 2 2 0 2 0 2 2 2 0 2 2 2 1 2 2 2 0 2 2 2 0 0 0 1 2 2 2 2 1 2 1 2 2 2 2 2 2 0 0 2 2 2 1 0 1 2 1 2 2 2 1 1 2 1 2 0 0 2 2 2 2 1 2 2 2 2 1 2 1 2 1 2 1 2 2 2 2 "
3;0.596;"0 : 41,1 : 41,2 : 69";28;"0 0 1 2 0 0 1 0 0 2 0 2 0 0 1 0 0 2 0 2 2 2 2 0 2 0 2 2 0 0 2 2 0 2 0 0 0 2 2 2 1 2 2 2 2 2 0 2 1 2 1 0 0 0 2 2 2 0 0 2 0 1 2 2 1 2 2 2 2 0 2 2 2 2 2 2 0 2 0 2 2 2 0 2 2 2 1 2 2 2 0 1 2 2 0 0 0 1 2 2 2 2 1 2 0 1 1 2 2 2 2 0 0 2 2 2 1 0 1 1 1 2 2 1 1 1 1 1 1 0 0 1 2 2 1 1 1 1 1 1 1 2 1 1 1 1 1 1 1 1 1 "
3;0.596;"0 : 42,1 : 63,2 : 46";37;"1 1 1 2 0 0 1 0 0 2 0 2 0 0 1 0 0 2 0 2 2 0 2 0 2 1 2 2 0 0 2 2 0 2 0 0 0 2 2 0 1 2 2 2 2 2 0 2 1 2 1 0 0 0 0 2 2 0 0 2 0 1 2 2 1 2 2 2 2 1 2 2 2 2 2 2 0 2 0 2 1 0 1 1 1 2 1 1 1 1 0 1 2 2 0 0 0 1 2 1 1 1 1 2 0 1 1 0 0 2 1 0 1 1 1 1 1 0 1 1 1 2 1 1 1 1 1 1 1 0 0 1 0 1 1 1 1 1 1 1 1 1 1 1 1 1 1 1 1 1 1 "
3;0.595;"0 : 40,1 : 97,2 : 14";35;"0 0 1 2 0 2 1 0 0 2 0 2 0 0 1 0 0 2 1 2 2 0 2 0 2 1 0 2 0 0 1 2 0 1 0 0 0 1 1 1 1 1 1 1 2 2 1 1 0 1 1 0 0 0 0 1 1 0 0 1 1 1 1 1 1 1 2 1 1 1 1 0 1 1 1 1 1 1 0 1 1 0 1 1 1 1 1 1 1 1 0 1 1 1 1 1 1 0 1 1 1 1 0 1 0 1 1 1 0 1 1 0 0 1 1 1 1 0 1 1 1 1 1 1 1 1 1 1 1 0 0 1 1 1 1 1 1 1 1 1 1 1 1 1 1 1 0 1 1 1 1 "
3;0.595;"0 : 40,1 : 66,2 : 45";68;"1 1 2 0 0 0 2 0 0 0 1 2 0 0 0 0 0 2 2 2 0 2 2 0 2 2 2 2 0 0 0 0 2 2 0 2 0 2 2 2 2 2 2 2 2 2 2 2 0 2 2 0 0 0 2 2 2 0 0 0 2 0 2 2 2 2 2 1 1 1 1 0 2 1 1 0 1 1 0 1 1 0 2 1 1 1 2 1 1 1 0 1 1 1 2 0 1 0 1 1 1 1 2 1 2 1 1 1 0 2 1 0 0 1 1 1 1 0 1 1 1 1 1 1 1 0 1 1 1 0 1 1 2 1 1 1 1 1 1 1 1 1 1 1 1 1 1 1 1 1 1 "
3;0.594;"0 : 41,1 : 22,2 : 88";22;"0 0 1 2 0 0 1 0 0 2 0 2 0 0 1 0 0 2 0 2 2 2 2 0 2 0 2 2 0 0 2 2 0 2 0 0 0 2 2 2 1 2 2 2 2 2 0 2 1 2 1 0 0 0 2 2 2 0 0 2 0 1 2 2 1 2 2 2 2 0 2 2 2 2 2 2 0 2 0 2 2 2 0 2 2 2 1 2 2 2 0 2 2 2 0 0 0 1 2 2 2 2 1 2 0 2 2 2 2 2 2 0 0 2 2 2 1 0 1 2 1 2 2 2 1 1 2 1 2 0 0 2 2 2 2 1 2 2 2 2 1 2 1 2 1 2 1 2 2 2 2 "
3;0.594;"0 : 41,1 : 96,2 : 14";36;"0 0 1 2 0 2 1 0 0 2 0 2 0 0 1 0 0 2 1 2 2 0 2 0 2 1 0 2 0 0 1 2 0 1 0 0 0 1 1 1 1 1 1 1 2 2 1 1 0 1 1 0 0 0 0 1 1 0 0 1 1 1 1 1 1 1 2 1 1 1 1 0 1 1 1 1 1 1 0 1 1 0 0 1 1 1 1 1 1 1 0 1 1 1 1 1 1 0 1 1 1 1 0 1 0 1 1 1 0 1 1 0 0 1 1 1 1 0 1 1 1 1 1 1 1 1 1 1 1 0 0 1 1 1 1 1 1 1 1 1 1 1 1 1 1 1 0 1 1 1 1 "
3;0.594;"0 : 39,1 : 105,2 : 7";40;"0 1 2 0 0 0 2 1 0 0 0 1 0 0 0 0 1 1 2 1 1 0 1 1 1 2 1 1 0 0 1 1 1 1 0 0 0 1 1 0 2 1 1 1 1 1 2 1 0 1 1 0 0 0 1 1 1 0 0 0 1 1 1 1 1 1 1 1 1 1 1 0 1 1 1 1 0 1 0 1 1 0 1 1 1 1 1 1 1 1 0 1 1 1 1 0 1 0 1 1 1 1 0 1 2 1 1 1 0 1 1 0 0 1 1 1 1 0 1 1 1 1 1 1 1 0 1 1 1 0 1 1 1 1 1 1 1 1 1 1 1 1 1 1 1 1 1 1 1 1 1 "
3;0.594;"0 : 39,1 : 99,2 : 13";56;"0 1 0 2 0 0 2 2 0 0 0 2 0 2 0 2 0 2 0 0 0 0 2 0 0 1 0 2 0 2 2 0 0 1 0 1 0 2 1 1 2 1 1 1 1 1 0 1 0 1 1 0 0 1 1 1 1 1 1 1 1 0 1 1 1 1 1 1 1 1 1 0 1 1 1 1 1 1 0 1 1 0 1 1 1 1 1 1 1 1 1 1 1 1 1 0 1 0 1 1 1 1 0 1 1 1 1 1 0 1 1 0 0 1 1 1 1 0 1 1 1 1 1 1 1 0 1 1 1 0 1 1 1 1 1 1 1 1 1 1 1 1 1 1 1 1 1 1 1 1 1 "
3;0.594;"0 : 41,1 : 69,2 : 41";76;"0 1 0 2 0 0 0 2 0 0 0 2 0 2 0 2 2 2 0 2 2 0 2 0 2 1 2 2 0 0 2 2 2 2 0 2 0 2 2 2 2 2 2 2 2 2 0 2 0 2 2 0 1 0 2 2 2 0 1 0 2 0 2 2 2 2 2 1 1 1 1 0 1 1 1 1 1 2 0 1 1 1 0 1 1 1 0 1 1 1 1 1 1 0 1 0 1 0 1 1 1 1 0 2 1 1 1 1 0 0 1 0 0 0 1 1 1 0 1 1 1 1 1 1 1 0 1 1 1 0 1 0 1 1 1 1 1 1 1 1 1 1 1 1 1 1 1 1 1 1 1 "
3;0.594;"0 : 41,1 : 66,2 : 44";83;"0 1 0 2 0 0 0 2 0 0 0 2 0 2 0 2 2 2 0 2 2 0 2 0 2 1 2 2 0 0 2 2 2 2 0 2 0 2 2 2 2 2 2 2 2 2 0 2 0 2 2 0 0 0 2 2 2 0 1 0 2 0 2 2 2 2 2 1 1 1 1 0 1 1 1 1 1 2 0 1 1 0 2 1 1 1 2 1 1 1 1 1 1 0 1 0 1 0 1 1 1 1 2 2 1 1 1 1 0 0 1 0 0 0 1 1 1 0 1 1 1 1 1 1 1 0 1 1 1 0 1 0 1 1 1 1 1 1 0 1 1 1 1 1 1 1 1 1 1 1 1 "
3;0.594;"0 : 40,1 : 102,2 : 9";101;"1 1 0 0 0 0 0 0 0 1 0 0 0 0 2 0 0 0 2 0 0 2 1 0 0 1 0 1 0 1 0 0 0 1 0 1 1 0 1 0 1 1 1 1 1 1 1 1 0 1 1 2 1 2 1 1 1 0 1 0 1 2 1 1 1 1 1 1 1 1 1 0 1 1 1 1 1 1 2 1 1 1 1 1 1 1 1 1 1 1 1 1 1 1 1 0 1 0 1 1 1 1 1 0 0 1 1 1 0 2 1 2 0 1 1 1 1 0 1 1 1 1 1 1 1 0 1 1 1 0 1 1 0 1 1 1 1 1 1 1 1 1 1 1 1 1 1 1 1 1 1 "
3;0.594;"0 : 41,1 : 67,2 : 43";132;"1 1 0 2 0 0 0 2 0 0 0 2 0 2 0 2 2 2 0 2 0 0 2 0 2 1 2 2 0 0 2 0 2 2 0 2 0 2 2 0 2 2 2 2 2 2 0 2 0 2 2 0 0 0 2 2 2 0 1 0 2 0 2 2 2 2 2 1 1 1 1 0 1 1 1 1 1 2 0 1 1 1 2 1 1 1 2 1 1 1 0 1 1 0 2 0 1 0 1 1 1 1 2 2 0 1 1 1 0 0 1 1 0 1 1 1 1 0 2 1 1 1 1 1 1 0 1 1 1 0 1 1 0 1 1 1 1 1 1 1 1 1 1 1 1 1 1 1 1 1 1 "
3;0.593;"0 : 41,1 : 66,2 : 44";88;"0 1 0 2 0 0 0 2 0 0 0 2 0 2 0 2 2 2 0 2 0 0 2 0 2 1 2 2 0 0 2 2 2 2 0 2 0 2 2 2 2 2 2 2 2 2 0 2 0 2 2 0 0 0 2 2 2 0 1 0 2 0 2 2 2 2 2 1 1 1 1 0 1 1 1 1 1 2 0 1 1 0 2 1 1 1 2 1 1 1 1 1 1 0 2 0 1 0 1 1 1 1 2 2 1 1 1 1 0 0 1 0 0 0 1 1 1 0 1 1 1 1 1 1 1 0 1 1 1 0 1 1 0 1 1 1 1 1 1 1 1 1 1 1 1 1 1 1 1 1 1 "
3;0.592;"0 : 42,1 : 64,2 : 45";20;"1 1 1 2 0 0 1 0 0 2 0 2 0 0 1 0 0 2 0 2 2 2 2 0 2 1 2 2 0 0 2 2 0 2 0 0 0 2 2 2 1 2 2 2 2 2 0 2 1 2 1 0 0 0 2 2 2 0 0 2 0 1 2 2 1 2 2 2 2 1 2 0 2 2 2 2 0 2 0 2 1 0 0 1 1 2 1 1 1 1 0 1 2 0 0 0 0 1 2 1 1 1 1 1 0 1 1 0 0 1 1 0 0 1 1 1 1 0 1 1 1 1 1 1 1 1 1 1 1 0 0 1 2 1 1 1 1 1 1 1 1 1 1 1 1 1 1 1 1 1 1 "
3;0.592;"0 : 43,1 : 38,2 : 70";32;"0 0 1 2 0 0 1 0 0 2 0 2 0 0 1 0 0 2 0 2 2 2 2 0 2 0 2 2 0 0 2 2 0 2 0 0 0 2 2 2 1 2 2 2 2 2 0 2 1 2 1 0 0 0 2 2 2 0 0 2 0 1 2 2 1 2 2 2 2 0 2 2 2 2 2 2 0 2 0 2 2 0 0 2 2 2 1 2 2 2 0 1 2 2 0 0 0 1 2 2 2 2 1 2 0 1 1 2 2 2 2 0 0 2 2 2 1 0 1 2 1 2 2 1 1 1 1 1 1 0 0 1 0 2 2 1 1 2 1 1 1 2 1 1 1 1 1 1 1 1 1 "
3;0.592;"0 : 41,1 : 65,2 : 45";67;"0 1 2 0 0 0 2 0 0 0 0 2 2 0 0 0 0 2 2 2 0 2 2 0 2 2 2 2 0 0 0 0 2 2 0 2 0 2 2 2 2 2 2 2 2 2 2 2 0 2 2 0 0 0 2 2 2 0 0 0 2 0 2 2 2 2 2 1 1 1 1 0 2 1 1 0 1 1 0 1 1 0 2 1 1 1 2 1 1 1 0 1 1 1 2 0 1 0 1 1 1 1 2 1 1 1 1 1 0 2 1 0 0 1 1 1 1 0 1 1 1 1 1 1 1 0 1 1 1 0 1 1 2 1 1 1 1 1 1 1 1 1 1 1 1 1 1 1 1 1 1 "
3;0.592;"0 : 41,1 : 101,2 : 9";105;"1 1 0 0 0 0 0 0 0 1 0 0 0 0 2 0 0 0 2 0 0 2 1 0 0 1 0 1 0 1 0 0 0 1 0 1 0 0 1 0 1 1 1 1 1 1 1 1 0 1 1 2 1 2 1 1 1 0 1 0 1 2 1 1 1 1 1 1 1 1 1 0 1 1 1 1 1 1 2 1 1 1 1 1 1 1 1 1 1 1 1 1 1 1 1 0 1 0 1 1 1 1 1 0 0 1 1 1 0 2 1 2 0 1 1 1 1 0 1 1 1 1 1 1 1 0 1 1 1 0 1 1 0 1 1 1 1 1 1 1 1 1 1 1 1 1 1 1 1 1 1 "
3;0.592;"0 : 45,1 : 97,2 : 9";140;"0 0 0 1 0 0 0 0 0 0 2 1 0 1 0 1 1 1 0 1 0 0 1 0 1 1 1 1 0 1 0 0 0 1 2 1 0 0 1 0 1 1 1 1 1 1 1 1 2 1 1 0 2 0 1 1 1 0 0 0 1 0 1 1 1 1 1 1 1 0 1 0 1 1 1 0 1 1 0 1 1 0 1 1 1 1 1 1 1 1 0 1 1 2 1 0 1 2 1 1 1 1 1 1 0 1 1 1 2 0 0 0 2 0 1 1 1 0 1 1 1 1 1 1 1 0 1 1 1 0 1 0 0 1 1 1 1 1 2 1 1 1 1 1 1 1 1 1 1 1 1 "
3;0.591;"0 : 43,1 : 22,2 : 86";34;"0 0 1 2 0 0 1 0 0 2 0 2 0 0 1 0 0 2 0 2 2 2 2 0 2 0 2 2 0 0 2 2 0 2 0 0 0 2 2 2 1 2 2 2 2 2 0 2 1 2 1 0 0 0 2 2 2 0 0 2 0 1 2 2 1 2 2 2 2 0 2 2 2 2 2 2 0 2 0 2 2 0 0 2 2 2 1 2 2 2 0 2 2 2 0 0 0 1 2 2 2 2 1 2 0 2 2 2 2 2 2 0 0 2 2 2 1 0 1 2 1 2 2 2 1 1 2 1 2 0 0 2 0 2 2 1 2 2 2 2 1 2 1 2 1 2 1 2 2 2 2 "
3;0.591;"0 : 43,1 : 62,2 : 46";38;"1 1 1 2 0 0 1 0 0 2 0 2 0 0 1 0 0 2 0 2 2 0 2 0 2 1 2 2 0 0 2 2 0 2 0 0 0 2 2 0 1 2 2 2 2 2 0 2 1 2 1 0 0 0 0 2 2 0 0 2 0 1 2 2 1 2 2 2 2 1 2 2 2 2 2 2 0 2 0 2 1 0 1 1 1 2 1 1 1 1 0 1 2 2 0 0 0 1 2 1 1 1 1 2 0 1 1 0 0 2 1 0 0 1 1 1 1 0 1 1 1 2 1 1 1 1 1 1 1 0 0 1 0 1 1 1 1 1 1 1 1 1 1 1 1 1 1 1 1 1 1 "
3;0.591;"0 : 42,1 : 92,2 : 17";97;"0 0 1 2 0 0 1 2 0 0 0 2 1 0 0 2 2 2 1 2 0 1 2 0 2 1 2 2 0 0 2 2 0 1 0 2 0 2 2 1 1 1 1 1 1 1 1 1 0 1 1 0 0 0 1 1 1 0 0 0 1 0 2 1 1 1 1 1 1 0 1 0 1 1 1 1 1 1 0 1 1 0 1 1 1 1 1 1 1 1 0 1 1 0 1 0 1 0 1 1 1 1 1 0 1 1 1 1 0 1 1 0 0 0 1 1 1 0 1 1 1 1 1 1 1 0 1 1 1 0 1 1 0 1 1 1 1 1 1 1 1 1 1 1 1 1 0 1 1 1 1 "
3;0.591;"0 : 45,1 : 96,2 : 10";106;"0 1 0 0 0 0 0 0 0 1 2 0 0 0 0 0 0 0 0 0 0 0 1 0 0 1 0 1 0 1 0 0 0 1 2 1 0 0 1 0 1 1 1 1 1 1 1 1 2 1 1 0 2 0 1 1 1 0 1 0 1 0 1 1 1 1 1 1 1 2 1 2 1 1 1 1 1 1 0 1 1 1 1 1 1 1 1 1 1 1 1 1 1 2 1 0 1 2 1 1 1 1 1 0 0 1 1 1 2 0 1 0 2 0 1 1 1 0 1 1 1 1 1 1 1 0 1 1 1 0 1 1 0 1 1 1 1 1 1 1 1 1 1 1 1 1 1 1 1 1 1 "
3;0.59;"0 : 44,1 : 59,2 : 48";33;"0 1 1 2 0 0 1 0 0 2 0 2 0 0 1 0 0 2 0 2 2 2 2 0 2 0 2 2 0 0 2 2 0 2 0 0 0 2 2 2 1 2 2 2 2 2 0 2 1 2 1 0 0 0 2 2 2 0 0 2 0 1 2 2 1 2 2 2 2 1 2 0 2 2 2 2 0 2 0 2 1 0 0 1 1 2 1 1 1 1 0 1 2 0 0 0 0 1 2 1 1 1 1 2 0 1 1 2 0 2 1 0 0 1 1 1 1 0 1 1 1 2 1 1 1 1 1 1 1 0 0 1 0 1 1 1 1 1 1 1 1 1 1 1 1 1 1 1 1 1 1 "
3;0.59;"0 : 43,1 : 95,2 : 13";39;"0 0 1 2 0 2 1 0 0 2 0 2 0 0 0 0 0 2 1 2 2 0 2 0 0 1 0 2 0 0 1 2 0 1 0 0 0 1 1 1 1 1 1 1 2 2 1 1 0 1 1 0 0 0 0 1 1 0 0 1 1 1 1 1 1 1 2 1 1 1 1 0 1 1 1 0 1 1 0 1 1 0 1 1 1 1 1 1 1 1 0 1 1 1 1 1 1 0 1 1 1 1 0 1 0 1 1 1 0 1 1 0 0 1 1 1 1 0 1 1 1 1 1 1 1 1 1 1 1 0 0 1 1 1 1 1 1 1 1 1 1 1 1 1 1 1 0 1 1 1 1 "
3;0.59;"0 : 42,1 : 94,2 : 15";63;"0 1 0 2 0 0 0 2 0 0 0 2 0 2 0 2 0 2 0 2 0 0 2 0 0 2 2 2 0 2 2 0 0 1 0 1 0 2 1 1 2 1 1 1 1 1 0 1 0 1 1 0 0 0 1 1 1 0 1 0 1 0 1 1 1 1 1 1 1 1 1 0 1 1 1 1 1 1 0 1 1 0 1 1 1 1 1 1 1 1 1 1 1 0 1 0 1 0 1 1 1 1 0 1 1 1 1 1 0 1 1 0 0 1 1 1 1 0 1 1 1 1 1 1 1 0 1 1 1 0 1 1 1 1 1 1 1 1 1 1 1 1 1 1 1 1 1 1 1 1 1 "
3;0.588;"0 : 44,1 : 69,2 : 38";42;"0 0 1 2 0 2 1 0 0 2 0 2 0 2 0 0 0 2 1 2 2 0 2 2 2 1 2 2 0 0 2 2 2 2 0 0 0 2 2 1 1 2 2 2 2 2 1 2 0 2 1 0 0 0 0 2 2 0 0 0 1 1 2 2 1 1 2 2 2 0 2 0 2 2 2 0 1 2 0 1 1 0 1 1 1 1 1 1 1 1 0 1 1 0 1 1 1 0 1 1 1 1 0 1 0 1 1 0 0 1 1 0 0 1 1 1 1 0 1 1 1 1 1 1 1 0 1 1 1 0 0 1 0 1 1 1 1 1 1 1 1 1 1 1 1 1 0 1 1 1 1 "
3;0.588;"0 : 43,1 : 95,2 : 13";57;"0 1 0 2 0 0 2 2 0 0 0 2 0 2 0 2 0 2 0 0 0 0 2 0 0 1 0 2 0 2 2 0 0 1 0 1 0 2 1 1 2 1 1 1 1 1 0 1 0 1 1 0 0 0 1 1 1 0 1 0 1 0 1 1 1 1 1 1 1 1 1 0 1 1 1 1 1 1 0 1 1 0 1 1 1 1 1 1 1 1 1 1 1 0 1 0 1 0 1 1 1 1 0 1 1 1 1 1 0 1 1 0 0 1 1 1 1 0 1 1 1 1 1 1 1 0 1 1 1 0 1 1 1 1 1 1 1 1 1 1 1 1 1 1 1 1 1 1 1 1 1 "
3;0.588;"0 : 44,1 : 63,2 : 44";69;"0 1 2 0 0 0 2 0 0 0 0 2 0 0 0 0 0 2 2 2 0 2 2 0 2 2 2 2 0 0 0 0 2 2 0 2 0 2 2 2 2 2 2 2 2 2 2 2 0 2 2 0 0 0 2 2 2 0 0 0 2 0 2 2 2 2 2 1 1 1 1 0 2 1 1 0 1 1 0 1 1 0 2 1 1 1 2 1 1 1 0 1 1 1 2 0 1 0 1 1 1 1 0 1 2 1 1 1 0 2 1 0 0 1 1 1 1 0 1 1 1 1 1 1 1 0 1 1 1 0 1 1 2 1 1 1 1 1 1 1 1 1 1 1 1 1 0 1 1 1 1 "
3;0.587;"0 : 45,1 : 66,2 : 40";89;"0 1 0 2 0 0 0 2 0 0 0 2 0 2 0 2 2 2 0 2 0 0 2 0 2 1 2 2 0 0 2 2 2 2 0 2 0 2 2 2 0 2 2 2 2 2 0 2 0 2 2 0 0 0 2 2 2 0 1 0 2 0 2 2 2 2 2 1 1 1 1 0 1 1 1 1 1 2 0 1 1 0 0 1 1 1 0 1 1 1 1 1 1 0 2 0 1 0 1 1 1 1 0 2 1 1 1 1 0 0 1 0 0 0 1 1 1 0 1 1 1 1 1 1 1 0 1 1 1 0 1 1 0 1 1 1 1 1 1 1 1 1 1 1 1 1 1 1 1 1 1 "
3;0.586;"0 : 43,1 : 101,2 : 7";44;"0 1 2 0 0 0 2 1 0 0 0 1 0 0 0 0 1 1 2 1 0 0 1 1 1 2 1 1 0 0 1 1 0 1 0 0 0 1 1 0 2 1 1 1 1 1 2 1 0 1 1 0 0 0 1 1 1 0 0 0 1 1 1 1 1 1 1 1 1 1 1 0 1 1 1 1 0 1 0 1 1 0 1 1 1 1 1 1 1 1 0 1 1 1 1 0 1 0 1 1 1 1 0 1 2 1 1 1 0 1 1 0 0 1 1 1 1 0 1 1 1 1 1 1 1 0 1 1 1 0 1 0 0 1 1 1 1 1 1 1 1 1 1 1 1 1 1 1 1 1 1 "
3;0.585;"0 : 44,1 : 100,2 : 7";45;"0 1 2 0 0 0 2 1 0 0 0 1 0 0 0 0 1 1 2 1 0 0 1 1 1 2 1 1 0 0 1 1 0 1 0 0 0 1 1 0 2 1 1 1 1 1 2 1 0 1 1 0 0 0 1 1 1 0 0 0 1 1 1 1 1 1 1 1 1 1 1 0 1 1 1 1 0 1 0 1 1 0 1 1 1 1 1 1 1 1 0 1 1 0 1 0 1 0 1 1 1 1 0 1 2 1 1 1 0 1 1 0 0 1 1 1 1 0 1 1 1 1 1 1 1 0 1 1 1 0 1 0 0 1 1 1 1 1 1 1 1 1 1 1 1 1 1 1 1 1 1 "
3;0.585;"0 : 44,1 : 98,2 : 9";94;"0 0 1 0 0 2 1 2 0 0 0 0 1 2 0 2 0 0 1 2 2 1 2 0 0 1 0 2 0 0 0 0 0 1 0 1 0 2 1 1 1 1 1 1 1 1 1 1 0 1 1 0 0 0 1 1 1 0 1 0 1 1 1 1 1 1 1 1 1 0 1 0 1 1 1 1 1 1 0 1 1 0 1 1 1 1 1 1 1 1 0 1 1 0 1 0 1 0 1 1 1 1 1 0 1 1 1 1 0 1 1 0 0 0 1 1 1 0 1 1 1 1 1 1 1 0 1 1 1 0 1 1 0 1 1 1 1 1 1 1 1 1 1 1 1 1 1 1 1 1 1 "
3;0.583;"0 : 45,1 : 94,2 : 12";64;"0 1 0 0 0 2 0 2 0 0 0 0 0 2 0 2 0 0 0 2 2 0 2 0 2 0 0 2 0 0 2 0 2 1 0 1 0 2 1 1 0 1 1 1 1 1 0 1 0 1 1 0 0 0 1 1 1 0 1 0 1 0 1 1 1 1 1 1 1 1 1 0 1 1 1 1 1 1 0 1 1 0 1 1 1 1 1 1 1 1 1 1 1 0 1 0 1 0 1 1 1 1 0 1 1 1 1 1 0 1 1 0 0 1 1 1 1 0 1 1 1 1 1 1 1 0 1 1 1 0 1 1 1 1 1 1 1 1 1 1 1 1 1 1 1 1 1 1 1 1 1 "
4;0.658;"0 : 29,1 : 68,2 : 37,3 : 17";90;"1 1 2 3 0 0 2 3 0 0 1 3 2 3 0 3 3 3 2 3 0 2 3 0 3 2 3 3 0 0 3 3 3 2 0 2 0 3 2 2 2 2 2 2 2 2 2 2 0 2 2 0 0 0 2 2 2 0 2 0 2 2 2 2 2 2 2 1 1 1 1 0 1 1 1 1 1 2 0 1 1 0 2 1 1 1 2 1 1 1 1 1 1 1 2 0 1 0 1 1 1 1 2 3 1 1 1 1 0 2 1 0 0 1 1 1 1 0 1 1 1 1 1 1 1 0 1 1 1 0 1 1 0 1 1 1 1 1 1 1 1 1 1 1 1 1 1 1 1 1 1 "
4;0.655;"0 : 29,1 : 102,2 : 11,3 : 9";100;"1 1 0 2 0 0 0 2 0 1 0 2 0 2 3 2 2 2 3 2 0 3 1 0 0 1 2 1 0 1 2 0 0 1 0 1 1 2 1 0 1 1 1 1 1 1 1 1 0 1 1 3 1 3 1 1 1 0 1 0 1 3 1 1 1 1 1 1 1 1 1 0 1 1 1 1 1 1 3 1 1 1 1 1 1 1 1 1 1 1 1 1 1 1 1 0 1 0 1 1 1 1 1 0 0 1 1 1 0 3 1 3 0 1 1 1 1 0 1 1 1 1 1 1 1 0 1 1 1 0 1 1 0 1 1 1 1 1 1 1 1 1 1 1 1 1 1 1 1 1 1 "
4;0.653;"0 : 30,1 : 101,2 : 11,3 : 9";104;"1 1 0 2 0 0 0 2 0 1 0 2 0 2 3 2 2 2 3 2 0 3 1 0 0 1 2 1 0 1 2 0 0 1 0 1 0 2 1 0 1 1 1 1 1 1 1 1 0 1 1 3 1 3 1 1 1 0 1 0 1 3 1 1 1 1 1 1 1 1 1 0 1 1 1 1 1 1 3 1 1 1 1 1 1 1 1 1 1 1 1 1 1 1 1 0 1 0 1 1 1 1 1 0 0 1 1 1 0 3 1 3 0 1 1 1 1 0 1 1 1 1 1 1 1 0 1 1 1 0 1 1 0 1 1 1 1 1 1 1 1 1 1 1 1 1 1 1 1 1 1 "
4;0.652;"0 : 32,1 : 68,2 : 44,3 : 7";129;"1 1 2 0 0 0 2 0 0 0 0 0 2 2 3 2 2 2 3 2 0 3 2 0 2 1 2 2 0 0 2 0 2 2 0 2 0 2 2 3 2 2 2 2 2 2 2 2 0 2 2 3 0 0 2 2 2 0 1 0 2 3 2 2 2 2 2 1 1 1 1 0 1 1 1 1 1 2 0 1 1 1 2 1 1 1 2 1 1 1 0 1 1 0 1 0 1 0 1 1 1 1 2 2 2 1 1 1 0 3 1 1 0 1 1 1 1 0 2 1 1 1 1 1 1 0 1 1 1 0 1 1 0 1 1 1 1 1 1 1 1 1 1 1 1 1 1 1 1 1 1 "
4;0.652;"0 : 32,1 : 67,2 : 45,3 : 7";131;"1 1 2 0 0 0 2 0 0 0 0 0 2 2 3 2 2 2 3 2 0 3 2 0 2 1 2 2 0 0 2 0 2 2 0 2 0 2 2 3 2 2 2 2 2 2 2 2 0 2 2 3 0 0 2 2 2 0 1 0 2 3 2 2 2 2 2 1 1 1 1 0 1 1 1 1 1 2 0 1 1 1 2 1 1 1 2 1 1 1 0 1 1 0 2 0 1 0 1 1 1 1 2 2 2 1 1 1 0 3 1 1 0 1 1 1 1 0 2 1 1 1 1 1 1 0 1 1 1 0 1 1 0 1 1 1 1 1 1 1 1 1 1 1 1 1 1 1 1 1 1 "
4;0.648;"0 : 36,1 : 97,2 : 9,3 : 9";107;"0 1 0 0 0 0 0 0 0 1 2 0 0 0 3 0 0 0 3 0 0 3 1 0 0 1 0 1 0 1 0 0 0 1 2 1 0 0 1 0 1 1 1 1 1 1 1 1 2 1 1 3 2 3 1 1 1 0 1 0 1 3 1 1 1 1 1 1 1 1 1 2 1 1 1 1 1 1 3 1 1 1 1 1 1 1 1 1 1 1 0 1 1 2 1 0 1 2 1 1 1 1 1 0 0 1 1 1 2 3 1 3 2 1 1 1 1 0 1 1 1 1 1 1 1 0 1 1 1 0 1 1 0 1 1 1 1 1 1 1 1 1 1 1 1 1 1 1 1 1 1 "
4;0.647;"0 : 33,1 : 70,2 : 43,3 : 5";65;"1 1 2 3 0 0 2 3 0 0 1 2 2 0 0 3 0 2 2 2 0 2 2 0 2 2 2 2 0 3 3 0 2 2 0 2 0 2 2 2 2 2 2 2 2 2 2 2 0 2 2 0 0 0 2 2 2 0 0 0 2 0 2 2 2 2 2 1 1 1 1 0 1 1 1 1 1 1 0 1 1 0 2 1 1 1 2 1 1 1 0 1 1 1 2 0 1 0 1 1 1 1 2 1 1 1 1 1 0 2 1 0 0 1 1 1 1 0 1 1 1 1 1 1 1 0 1 1 1 0 1 1 1 1 1 1 1 1 1 1 1 1 1 1 1 1 1 1 1 1 1 "
4;0.647;"0 : 35,1 : 67,2 : 32,3 : 17";95;"1 1 2 3 0 0 2 3 0 0 1 3 2 0 0 3 3 3 2 3 0 2 3 0 3 2 3 3 0 0 3 3 0 2 0 3 0 3 3 2 2 2 2 2 2 2 2 2 0 2 2 0 0 0 2 2 2 0 0 0 2 0 3 2 2 2 2 1 1 1 1 0 1 1 1 1 1 2 0 1 1 0 2 1 1 1 2 1 1 1 0 1 1 1 2 0 1 0 1 1 1 1 2 0 1 1 1 1 0 2 1 0 0 1 1 1 1 0 1 1 1 1 1 1 1 0 1 1 1 0 1 1 0 1 1 1 1 1 1 1 1 1 1 1 1 1 1 1 1 1 1 "
4;0.646;"0 : 37,1 : 95,2 : 10,3 : 9";112;"0 1 0 0 0 0 0 0 0 1 2 0 0 0 3 0 0 0 3 0 0 3 1 0 0 1 0 1 0 1 0 0 0 1 2 1 0 0 1 0 1 1 1 1 1 1 1 1 2 1 1 3 2 3 1 1 1 0 1 0 1 3 1 1 1 1 1 1 1 2 1 2 1 1 1 1 1 1 3 1 1 1 1 1 1 1 1 1 1 1 0 1 1 2 1 0 1 2 1 1 1 1 1 0 0 1 1 1 2 3 1 3 2 0 1 1 1 0 1 1 1 1 1 1 1 0 1 1 1 0 1 1 0 1 1 1 1 1 1 1 1 1 1 1 1 1 1 1 1 1 1 "
4;0.644;"0 : 36,1 : 66,2 : 44,3 : 5";133;"1 1 2 0 0 0 2 0 0 0 0 0 2 2 0 2 2 2 3 2 0 3 2 0 2 1 2 2 0 0 2 0 0 2 0 2 0 2 2 3 2 2 2 2 2 2 2 2 0 2 2 0 0 0 2 2 2 0 1 0 2 3 2 2 2 2 2 1 1 1 1 0 1 1 1 1 1 2 0 1 1 0 2 1 1 1 2 1 1 1 0 1 1 0 2 0 1 0 1 1 1 1 2 2 2 1 1 1 0 3 1 1 0 1 1 1 1 0 2 1 1 1 1 1 1 0 1 1 1 0 1 1 0 1 1 1 1 1 1 1 1 1 1 1 1 1 1 1 1 1 1 "
4;0.643;"0 : 36,1 : 98,2 : 12,3 : 5";41;"0 1 2 0 0 3 2 1 0 3 0 1 0 3 0 0 1 1 2 1 1 0 1 3 1 2 1 1 0 0 1 1 3 1 0 0 0 1 1 2 2 1 1 1 1 1 2 1 0 1 1 0 0 0 0 1 1 0 0 0 1 1 1 1 1 1 1 1 1 1 1 0 1 1 1 1 2 1 0 1 1 0 1 1 1 1 1 1 1 1 0 1 1 1 2 2 1 0 1 1 1 1 0 1 0 1 1 0 0 2 1 0 0 1 1 1 1 0 2 1 1 1 1 1 1 0 1 1 1 0 1 1 1 1 1 1 1 1 1 1 1 1 1 1 1 1 1 1 1 1 1 "
4;0.643;"0 : 35,1 : 102,2 : 9,3 : 5";43;"0 1 2 0 0 0 2 1 0 0 0 1 0 0 3 0 1 1 2 1 0 2 1 1 1 2 1 1 0 0 1 1 0 1 0 0 0 1 1 2 2 1 1 1 1 1 2 1 3 1 1 0 0 0 1 1 1 0 0 0 1 1 1 1 1 1 1 1 1 1 1 0 1 1 1 1 2 1 0 1 1 0 1 1 1 1 1 1 1 1 0 1 1 1 1 3 1 3 1 1 1 1 3 1 1 1 1 1 0 1 1 0 0 1 1 1 1 0 1 1 1 1 1 1 1 0 1 1 1 0 1 0 0 1 1 1 1 1 1 1 1 1 1 1 1 1 1 1 1 1 1 "
4;0.64;"0 : 40,1 : 92,2 : 10,3 : 9";124;"0 1 0 0 0 0 0 0 0 1 2 0 0 0 3 0 0 0 3 0 0 3 1 0 0 1 0 1 0 1 0 0 0 1 2 1 0 0 1 0 1 1 1 1 1 1 1 1 2 1 1 3 0 3 1 1 1 0 1 0 1 3 1 1 1 1 1 1 1 2 1 2 1 1 1 1 1 1 3 1 1 0 1 1 1 1 1 1 1 1 0 1 1 2 1 0 1 2 1 1 1 1 1 0 0 1 1 1 2 3 1 3 2 0 1 1 1 0 1 1 1 1 1 1 1 0 1 1 1 0 1 0 0 1 1 1 1 1 2 1 1 1 1 1 1 1 1 1 1 1 1 "
4;0.639;"0 : 39,1 : 66,2 : 40,3 : 6";134;"1 1 0 2 0 0 0 2 0 0 0 2 0 2 0 2 2 2 3 2 0 3 2 0 2 1 2 2 0 0 2 0 0 2 0 2 0 2 2 3 3 2 2 2 2 2 0 2 0 2 2 0 0 0 2 2 2 0 1 0 2 3 2 2 2 2 2 1 1 1 1 0 1 1 1 1 1 2 0 1 1 0 2 1 1 1 2 1 1 1 0 1 1 0 2 0 1 0 1 1 1 1 0 2 0 1 1 1 0 3 1 1 0 1 1 1 1 0 2 1 1 1 1 1 1 0 1 1 1 0 1 1 0 1 1 1 1 1 1 1 1 1 1 1 1 1 1 1 1 1 1 "
4;0.636;"0 : 40,1 : 63,2 : 42,3 : 6";96;"0 1 0 2 0 0 3 2 0 0 0 2 3 0 0 2 2 2 3 2 0 0 2 0 2 3 2 2 0 0 2 2 2 2 0 2 0 2 2 2 3 2 2 2 2 2 3 2 0 2 2 0 0 0 2 2 2 0 0 0 2 0 2 2 2 2 2 1 1 1 1 0 2 1 1 0 1 2 0 1 1 0 2 1 1 1 2 1 1 1 0 1 1 1 2 0 1 0 1 1 1 1 0 0 1 1 1 1 0 2 1 0 0 1 1 1 1 0 1 1 1 1 1 1 1 0 1 1 1 0 1 1 0 1 1 1 1 1 1 1 1 1 1 1 1 1 1 1 1 1 1 "
4;0.631;"0 : 42,1 : 92,2 : 12,3 : 5";46;"0 1 2 0 0 3 2 1 0 0 0 1 0 3 0 0 1 1 2 1 0 0 1 3 1 2 1 1 0 0 3 1 3 1 0 0 0 1 1 2 2 1 1 1 1 1 2 1 0 1 1 0 0 0 0 1 1 0 0 0 2 1 1 1 1 1 1 1 1 1 1 0 1 1 1 1 2 1 0 1 1 0 1 1 1 1 1 1 1 1 0 1 1 0 2 0 1 0 1 1 1 1 0 1 0 1 1 0 0 2 1 0 0 1 1 1 1 0 2 1 1 1 1 1 1 0 1 1 1 0 1 0 0 1 1 1 1 1 1 1 1 1 1 1 1 1 1 1 1 1 1 "
4;0.631;"0 : 43,1 : 53,2 : 33,3 : 22";136;"1 1 2 3 0 0 2 3 0 0 0 3 2 0 0 3 3 3 0 3 0 0 3 0 3 2 3 3 0 0 3 0 0 3 0 3 0 3 3 0 2 3 2 2 3 2 2 3 0 2 2 0 0 0 2 2 2 0 0 0 2 0 3 2 2 2 2 3 2 1 2 0 1 2 2 1 2 3 0 2 2 0 2 2 1 1 2 1 1 1 0 1 2 0 0 0 1 0 1 1 1 1 2 0 2 1 1 1 0 0 1 0 0 1 1 1 1 0 2 1 1 1 1 1 1 0 1 1 1 0 1 1 0 1 1 1 1 1 1 1 1 1 1 1 1 1 1 1 1 1 1 "
5;0.725;"0 : 15,1 : 104,2 : 14,3 : 9,4 : 9";98;"1 1 0 2 0 0 0 2 0 1 3 2 0 2 4 2 2 2 4 2 2 4 1 0 2 1 2 1 0 1 2 0 2 1 3 1 1 2 1 4 1 1 1 1 1 1 1 1 3 1 1 4 1 4 1 1 1 3 1 3 1 4 1 1 1 1 1 1 1 1 1 3 1 1 1 1 1 1 4 1 1 1 1 1 1 1 1 1 1 1 1 1 1 1 1 0 1 3 1 1 1 1 1 0 0 1 1 1 3 4 1 1 3 1 1 1 1 0 1 1 1 1 1 1 1 0 1 1 1 0 1 1 1 1 1 1 1 1 1 1 1 1 1 1 1 1 1 1 1 1 1 "
5;0.723;"0 : 16,1 : 103,2 : 14,3 : 9,4 : 9";102;"1 1 0 2 0 0 0 2 0 1 3 2 0 2 4 2 2 2 4 2 2 4 1 0 2 1 2 1 0 1 2 0 2 1 3 1 0 2 1 4 1 1 1 1 1 1 1 1 3 1 1 4 1 4 1 1 1 3 1 3 1 4 1 1 1 1 1 1 1 1 1 3 1 1 1 1 1 1 4 1 1 1 1 1 1 1 1 1 1 1 1 1 1 1 1 0 1 3 1 1 1 1 1 0 0 1 1 1 3 4 1 1 3 1 1 1 1 0 1 1 1 1 1 1 1 0 1 1 1 0 1 1 1 1 1 1 1 1 1 1 1 1 1 1 1 1 1 1 1 1 1 "
5;0.722;"0 : 17,1 : 102,2 : 14,3 : 9,4 : 9";109;"1 1 0 2 0 0 0 2 0 1 3 2 0 2 4 2 2 2 4 2 2 4 1 0 2 1 2 1 0 1 2 0 2 1 3 1 0 2 1 4 1 1 1 1 1 1 1 1 3 1 1 4 1 4 1 1 1 3 1 3 1 4 1 1 1 1 1 1 1 1 1 3 1 1 1 1 1 1 4 1 1 1 1 1 1 1 1 1 1 1 0 1 1 1 1 0 1 3 1 1 1 1 1 0 0 1 1 1 3 4 1 1 3 1 1 1 1 0 1 1 1 1 1 1 1 0 1 1 1 0 1 1 1 1 1 1 1 1 1 1 1 1 1 1 1 1 1 1 1 1 1 "
5;0.72;"0 : 18,1 : 100,2 : 13,3 : 11,4 : 9";113;"1 1 0 2 0 0 0 2 0 1 3 2 0 2 4 2 2 2 4 2 0 4 1 0 2 1 2 1 0 1 2 0 2 1 3 1 0 2 1 4 1 1 1 1 1 1 1 1 3 1 1 4 3 4 1 1 1 3 1 3 1 4 1 1 1 1 1 1 1 1 1 3 1 1 1 1 1 1 4 1 1 1 1 1 1 1 1 1 1 1 0 1 1 3 1 0 1 3 1 1 1 1 1 0 0 1 1 1 3 4 1 1 3 1 1 1 1 0 1 1 1 1 1 1 1 0 1 1 1 0 1 1 1 1 1 1 1 1 1 1 1 1 1 1 1 1 1 1 1 1 1 "
5;0.719;"0 : 19,1 : 99,2 : 13,3 : 11,4 : 9";117;"1 1 0 2 0 0 0 2 0 1 3 2 0 2 4 2 2 2 4 2 0 4 1 0 2 1 2 1 0 1 2 0 2 1 3 1 0 2 1 4 1 1 1 1 1 1 1 1 3 1 1 4 3 4 1 1 1 3 1 3 1 4 1 1 1 1 1 1 1 1 1 3 1 1 1 1 1 1 4 1 1 1 1 1 1 1 1 1 1 1 0 1 1 3 1 0 1 3 1 1 1 1 1 0 0 1 1 1 3 4 1 1 3 1 1 1 1 0 1 1 1 1 1 1 1 0 1 1 1 0 1 1 0 1 1 1 1 1 1 1 1 1 1 1 1 1 1 1 1 1 1 "
5;0.718;"0 : 19,1 : 103,2 : 13,3 : 7,4 : 9";99;"1 1 0 2 0 0 0 2 0 1 3 2 0 2 4 2 2 2 4 2 2 4 1 0 2 1 2 1 0 1 2 0 0 1 3 1 1 2 1 0 1 1 1 1 1 1 1 1 3 1 1 4 1 4 1 1 1 0 1 0 1 4 1 1 1 1 1 1 1 1 1 3 1 1 1 1 1 1 4 1 1 1 1 1 1 1 1 1 1 1 1 1 1 1 1 0 1 3 1 1 1 1 1 0 0 1 1 1 3 4 1 4 3 1 1 1 1 0 1 1 1 1 1 1 1 0 1 1 1 0 1 1 1 1 1 1 1 1 1 1 1 1 1 1 1 1 1 1 1 1 1 "
5;0.717;"0 : 20,1 : 99,2 : 13,3 : 10,4 : 9";120;"1 1 0 2 0 0 0 2 0 1 3 2 0 2 4 2 2 2 4 2 0 4 1 0 2 1 2 1 0 1 2 0 2 1 3 1 0 2 1 4 1 1 1 1 1 1 1 1 3 1 1 4 0 4 1 1 1 3 1 3 1 4 1 1 1 1 1 1 1 1 1 3 1 1 1 1 1 1 4 1 1 1 1 1 1 1 1 1 1 1 0 1 1 3 1 0 1 3 1 1 1 1 1 0 0 1 1 1 3 4 1 1 3 1 1 1 1 0 1 1 1 1 1 1 1 0 1 1 1 0 1 1 0 1 1 1 1 1 1 1 1 1 1 1 1 1 1 1 1 1 1 "
5;0.716;"0 : 20,1 : 102,2 : 13,3 : 7,4 : 9";103;"1 1 0 2 0 0 0 2 0 1 3 2 0 2 4 2 2 2 4 2 2 4 1 0 2 1 2 1 0 1 2 0 0 1 3 1 0 2 1 0 1 1 1 1 1 1 1 1 3 1 1 4 1 4 1 1 1 0 1 0 1 4 1 1 1 1 1 1 1 1 1 3 1 1 1 1 1 1 4 1 1 1 1 1 1 1 1 1 1 1 1 1 1 1 1 0 1 3 1 1 1 1 1 0 0 1 1 1 3 4 1 4 3 1 1 1 1 0 1 1 1 1 1 1 1 0 1 1 1 0 1 1 1 1 1 1 1 1 1 1 1 1 1 1 1 1 1 1 1 1 1 "
5;0.716;"0 : 20,1 : 99,2 : 12,3 : 11,4 : 9";114;"1 1 0 2 0 0 0 2 0 1 3 2 0 2 4 2 2 2 4 2 0 4 1 0 2 1 2 1 0 1 2 0 0 1 3 1 0 2 1 0 1 1 1 1 1 1 1 1 3 1 1 4 3 4 1 1 1 3 1 3 1 4 1 1 1 1 1 1 1 1 1 3 1 1 1 1 1 1 4 1 1 1 1 1 1 1 1 1 1 1 0 1 1 3 1 0 1 3 1 1 1 1 1 0 0 1 1 1 3 4 1 4 3 1 1 1 1 0 1 1 1 1 1 1 1 0 1 1 1 0 1 1 1 1 1 1 1 1 1 1 1 1 1 1 1 1 1 1 1 1 1 "
5;0.715;"0 : 21,1 : 101,2 : 13,3 : 7,4 : 9";110;"1 1 0 2 0 0 0 2 0 1 3 2 0 2 4 2 2 2 4 2 2 4 1 0 2 1 2 1 0 1 2 0 0 1 3 1 0 2 1 0 1 1 1 1 1 1 1 1 3 1 1 4 1 4 1 1 1 0 1 0 1 4 1 1 1 1 1 1 1 1 1 3 1 1 1 1 1 1 4 1 1 1 1 1 1 1 1 1 1 1 0 1 1 1 1 0 1 3 1 1 1 1 1 0 0 1 1 1 3 4 1 4 3 1 1 1 1 0 1 1 1 1 1 1 1 0 1 1 1 0 1 1 1 1 1 1 1 1 1 1 1 1 1 1 1 1 1 1 1 1 1 "
5;0.711;"0 : 23,1 : 98,2 : 12,3 : 9,4 : 9";118;"1 1 0 2 0 0 0 2 0 1 3 2 0 2 4 2 2 2 4 2 0 4 1 0 2 1 2 1 0 1 2 0 0 1 3 1 0 2 1 0 1 1 1 1 1 1 1 1 3 1 1 4 3 4 1 1 1 0 1 0 1 4 1 1 1 1 1 1 1 1 1 3 1 1 1 1 1 1 4 1 1 1 1 1 1 1 1 1 1 1 0 1 1 3 1 0 1 3 1 1 1 1 1 0 0 1 1 1 3 4 1 4 3 1 1 1 1 0 1 1 1 1 1 1 1 0 1 1 1 0 1 1 0 1 1 1 1 1 1 1 1 1 1 1 1 1 1 1 1 1 1 "
5;0.711;"0 : 23,1 : 99,2 : 13,3 : 8,4 : 8";125;"1 1 0 2 0 0 0 2 0 1 3 2 0 2 4 2 2 2 4 2 0 4 1 0 2 1 2 1 0 1 2 0 2 1 3 1 0 2 1 4 1 1 1 1 1 1 1 1 3 1 1 4 0 0 1 1 1 3 1 0 1 4 1 1 1 1 1 1 1 1 1 3 1 1 1 1 1 1 4 1 1 1 1 1 1 1 1 1 1 1 0 1 1 3 1 0 1 3 1 1 1 1 1 0 0 1 1 1 3 4 1 1 0 1 1 1 1 0 1 1 1 1 1 1 1 0 1 1 1 0 1 1 0 1 1 1 1 1 1 1 1 1 1 1 1 1 1 1 1 1 1 "
5;0.71;"0 : 24,1 : 97,2 : 12,3 : 9,4 : 9";115;"0 1 0 2 0 0 0 2 0 1 3 2 0 2 4 2 2 2 4 2 0 4 1 0 2 1 2 1 0 1 2 0 0 1 3 1 0 2 1 0 1 1 1 1 1 1 1 1 3 1 1 4 3 4 1 1 1 0 1 0 1 4 1 1 1 1 1 1 1 1 1 3 1 1 1 1 1 1 4 1 1 1 1 1 1 1 1 1 1 1 0 1 1 3 1 0 1 3 1 1 1 1 1 0 0 1 1 1 3 4 1 4 3 1 1 1 1 0 1 1 1 1 1 1 1 0 1 1 1 0 1 1 0 1 1 1 1 1 1 1 1 1 1 1 1 1 1 1 1 1 1 "
5;0.71;"0 : 24,1 : 98,2 : 12,3 : 8,4 : 9";121;"1 1 0 2 0 0 0 2 0 1 3 2 0 2 4 2 2 2 4 2 0 4 1 0 2 1 2 1 0 1 2 0 0 1 3 1 0 2 1 0 1 1 1 1 1 1 1 1 3 1 1 4 0 4 1 1 1 0 1 0 1 4 1 1 1 1 1 1 1 1 1 3 1 1 1 1 1 1 4 1 1 1 1 1 1 1 1 1 1 1 0 1 1 3 1 0 1 3 1 1 1 1 1 0 0 1 1 1 3 4 1 4 3 1 1 1 1 0 1 1 1 1 1 1 1 0 1 1 1 0 1 1 0 1 1 1 1 1 1 1 1 1 1 1 1 1 1 1 1 1 1 "
5;0.708;"0 : 25,1 : 95,2 : 12,3 : 10,4 : 9";119;"0 1 0 2 0 0 0 2 0 1 3 2 0 2 4 2 2 2 4 2 0 4 1 0 2 1 2 1 0 1 2 0 0 1 3 1 0 2 1 0 1 1 1 1 1 1 1 1 3 1 1 4 3 4 1 1 1 0 1 0 1 4 1 1 1 1 1 1 1 3 1 3 1 1 1 1 1 1 4 1 1 1 1 1 1 1 1 1 1 1 0 1 1 3 1 0 1 3 1 1 1 1 1 0 0 1 1 1 3 4 1 4 3 0 1 1 1 0 1 1 1 1 1 1 1 0 1 1 1 0 1 1 0 1 1 1 1 1 1 1 1 1 1 1 1 1 1 1 1 1 1 "
5;0.707;"0 : 26,1 : 95,2 : 11,3 : 10,4 : 9";111;"0 1 0 2 0 0 0 2 0 1 3 2 0 2 4 2 2 2 4 2 0 4 1 0 0 1 2 1 0 1 2 0 0 1 3 1 0 2 1 0 1 1 1 1 1 1 1 1 3 1 1 4 3 4 1 1 1 0 1 0 1 4 1 1 1 1 1 1 1 3 1 3 1 1 1 1 1 1 4 1 1 1 1 1 1 1 1 1 1 1 0 1 1 3 1 0 1 3 1 1 1 1 1 0 0 1 1 1 3 4 1 4 3 0 1 1 1 0 1 1 1 1 1 1 1 0 1 1 1 0 1 1 0 1 1 1 1 1 1 1 1 1 1 1 1 1 1 1 1 1 1 "
5;0.705;"0 : 26,1 : 98,2 : 12,3 : 7,4 : 8";126;"1 1 0 2 0 0 0 2 0 1 3 2 0 2 4 2 2 2 4 2 0 4 1 0 2 1 2 1 0 1 2 0 0 1 3 1 0 2 1 0 1 1 1 1 1 1 1 1 3 1 1 4 0 0 1 1 1 0 1 0 1 4 1 1 1 1 1 1 1 1 1 3 1 1 1 1 1 1 4 1 1 1 1 1 1 1 1 1 1 1 0 1 1 3 1 0 1 3 1 1 1 1 1 0 0 1 1 1 3 4 1 4 0 1 1 1 1 0 1 1 1 1 1 1 1 0 1 1 1 0 1 1 0 1 1 1 1 1 1 1 1 1 1 1 1 1 1 1 1 1 1 "
5;0.704;"0 : 27,1 : 94,2 : 12,3 : 9,4 : 9";122;"0 1 0 2 0 0 0 2 0 1 3 2 0 2 4 2 2 2 4 2 0 4 1 0 2 1 2 1 0 1 2 0 0 1 3 1 0 2 1 0 1 1 1 1 1 1 1 1 3 1 1 4 0 4 1 1 1 0 1 0 1 4 1 1 1 1 1 1 1 3 1 3 1 1 1 1 1 1 4 1 1 0 1 1 1 1 1 1 1 1 0 1 1 3 1 0 1 3 1 1 1 1 1 0 0 1 1 1 3 4 1 4 3 0 1 1 1 0 1 1 1 1 1 1 1 0 1 1 1 0 1 1 0 1 1 1 1 1 1 1 1 1 1 1 1 1 1 1 1 1 1 "
5;0.701;"0 : 29,1 : 92,2 : 11,3 : 10,4 : 9";123;"0 1 0 2 0 0 0 2 0 1 3 2 0 2 4 2 2 2 4 2 0 4 1 0 0 1 2 1 0 1 2 0 0 1 3 1 0 2 1 0 1 1 1 1 1 1 1 1 3 1 1 4 0 4 1 1 1 0 1 0 1 4 1 1 1 1 1 1 1 3 1 3 1 1 1 1 1 1 4 1 1 0 1 1 1 1 1 1 1 1 0 1 1 3 1 0 1 3 1 1 1 1 1 0 0 1 1 1 3 4 1 4 3 0 1 1 1 0 1 1 1 1 1 1 1 0 1 1 1 0 1 0 0 1 1 1 1 1 3 1 1 1 1 1 1 1 1 1 1 1 1 "
5;0.7;"0 : 29,1 : 94,2 : 12,3 : 8,4 : 8";127;"0 1 0 2 0 0 0 2 0 1 3 2 0 2 4 2 2 2 4 2 0 4 1 0 2 1 2 1 0 1 2 0 0 1 3 1 0 2 1 0 1 1 1 1 1 1 1 1 3 1 1 4 0 0 1 1 1 0 1 0 1 4 1 1 1 1 1 1 1 3 1 3 1 1 1 1 1 1 4 1 1 0 1 1 1 1 1 1 1 1 0 1 1 3 1 0 1 3 1 1 1 1 1 0 0 1 1 1 3 4 1 4 0 0 1 1 1 0 1 1 1 1 1 1 1 0 1 1 1 0 1 1 0 1 1 1 1 1 1 1 1 1 1 1 1 1 1 1 1 1 1 "
5;0.698;"0 : 31,1 : 99,2 : 8,3 : 6,4 : 7";137;"1 1 0 0 0 0 0 2 0 1 3 2 0 2 4 0 0 2 0 2 0 4 2 0 0 1 2 1 0 2 0 0 0 1 3 1 0 0 1 0 0 1 1 1 1 1 1 1 3 1 1 0 1 4 1 1 1 4 1 0 1 4 1 1 1 1 1 1 1 1 1 0 1 1 1 1 1 1 4 1 1 1 0 1 1 1 1 1 1 1 1 1 1 1 1 0 1 3 1 1 1 1 1 0 0 1 1 1 3 4 1 1 3 1 1 1 1 0 1 1 1 1 1 1 1 0 1 1 1 0 1 1 1 1 1 1 1 1 1 1 1 1 1 1 1 1 1 1 1 1 1 "
5;0.697;"0 : 32,1 : 99,2 : 7,3 : 6,4 : 7";141;"1 1 0 0 0 0 0 2 0 1 3 2 0 2 4 0 0 2 0 2 0 4 2 0 0 1 2 1 0 0 0 0 0 1 3 1 0 0 1 0 0 1 1 1 1 1 1 1 3 1 1 0 1 4 1 1 1 4 1 0 1 4 1 1 1 1 1 1 1 1 1 0 1 1 1 1 1 1 4 1 1 1 0 1 1 1 1 1 1 1 1 1 1 1 1 0 1 3 1 1 1 1 1 0 0 1 1 1 3 4 1 1 3 1 1 1 1 0 1 1 1 1 1 1 1 0 1 1 1 0 1 1 1 1 1 1 1 1 1 1 1 1 1 1 1 1 1 1 1 1 1 "
5;0.696;"0 : 31,1 : 92,2 : 11,3 : 9,4 : 8";128;"0 1 0 2 0 0 0 2 0 1 3 2 0 2 4 2 2 2 4 2 0 4 1 0 0 1 2 1 0 1 2 0 0 1 3 1 0 2 1 0 1 1 1 1 1 1 1 1 3 1 1 4 0 0 1 1 1 0 1 0 1 4 1 1 1 1 1 1 1 3 1 3 1 1 1 1 1 1 4 1 1 0 1 1 1 1 1 1 1 1 0 1 1 3 1 0 1 3 1 1 1 1 1 0 0 1 1 1 3 4 1 4 0 0 1 1 1 0 1 1 1 1 1 1 1 0 1 1 1 0 1 0 0 1 1 1 1 1 3 1 1 1 1 1 1 1 1 1 1 1 1 "
5;0.695;"0 : 33,1 : 98,2 : 7,3 : 7,4 : 6";138;"1 1 0 0 0 0 0 2 0 1 3 2 0 2 4 0 0 2 0 2 0 4 0 0 0 1 2 1 0 2 0 0 0 1 3 1 0 0 1 0 0 1 1 1 1 1 1 1 3 1 1 0 1 4 1 1 1 0 1 0 1 4 1 1 1 1 1 1 1 1 1 0 1 1 1 1 1 1 4 1 1 1 0 1 1 1 1 1 1 1 1 1 1 3 1 0 1 3 1 1 1 1 1 0 0 1 1 1 3 4 1 1 3 1 1 1 1 0 1 1 1 1 1 1 1 0 1 1 1 0 1 1 1 1 1 1 1 1 1 1 1 1 1 1 1 1 1 1 1 1 1 "
5;0.695;"0 : 33,1 : 98,2 : 7,3 : 6,4 : 7";144;"1 1 0 0 0 0 0 2 0 1 3 2 0 2 4 0 0 2 0 2 0 4 2 0 0 1 2 1 0 0 0 0 0 1 3 1 0 0 1 0 0 1 1 1 1 1 1 1 3 1 1 0 1 4 1 1 1 4 1 0 1 4 1 1 1 1 1 1 1 1 1 0 1 1 1 1 1 1 4 1 1 1 0 1 1 1 1 1 1 1 0 1 1 1 1 0 1 3 1 1 1 1 1 0 0 1 1 1 3 4 1 1 3 1 1 1 1 0 1 1 1 1 1 1 1 0 1 1 1 0 1 1 1 1 1 1 1 1 1 1 1 1 1 1 1 1 1 1 1 1 1 "
5;0.694;"0 : 34,1 : 98,2 : 6,3 : 7,4 : 6";142;"1 1 0 0 0 0 0 2 0 1 3 2 0 2 4 0 0 2 0 2 0 4 0 0 0 1 2 1 0 0 0 0 0 1 3 1 0 0 1 0 0 1 1 1 1 1 1 1 3 1 1 0 1 4 1 1 1 0 1 0 1 4 1 1 1 1 1 1 1 1 1 0 1 1 1 1 1 1 4 1 1 1 0 1 1 1 1 1 1 1 1 1 1 3 1 0 1 3 1 1 1 1 1 0 0 1 1 1 3 4 1 1 3 1 1 1 1 0 1 1 1 1 1 1 1 0 1 1 1 0 1 1 1 1 1 1 1 1 1 1 1 1 1 1 1 1 1 1 1 1 1 "
5;0.69;"0 : 36,1 : 92,2 : 7,3 : 9,4 : 7";146;"0 1 0 0 0 0 0 2 0 1 3 2 0 2 4 0 0 2 0 2 0 4 2 0 0 1 2 1 0 0 0 0 0 1 3 1 0 0 1 0 0 1 1 1 1 1 1 1 3 1 1 0 3 4 1 1 1 4 1 0 1 4 1 1 1 1 1 1 1 0 1 0 1 1 1 1 1 1 4 1 1 1 0 1 1 1 1 1 1 1 0 1 1 3 1 0 1 3 1 1 1 1 1 0 0 1 1 1 3 4 1 1 3 0 1 1 1 0 1 1 1 1 1 1 1 0 1 1 1 0 1 1 1 1 1 1 1 1 3 1 1 1 1 1 1 1 1 1 1 1 1 "
5;0.689;"0 : 37,1 : 91,2 : 7,3 : 9,4 : 7";149;"0 1 0 0 0 0 0 2 0 1 3 2 0 2 4 0 0 2 0 2 0 4 2 0 0 1 2 1 0 0 0 0 0 1 3 1 0 0 1 0 0 1 1 1 1 1 1 1 3 1 1 0 3 4 1 1 1 4 1 0 1 4 1 1 1 1 1 1 1 0 1 0 1 1 1 1 1 1 4 1 1 1 0 1 1 1 1 1 1 1 0 1 1 3 1 0 1 3 1 1 1 1 1 0 0 1 1 1 3 4 1 1 3 0 1 1 1 0 1 1 1 1 1 1 1 0 1 1 1 0 1 1 0 1 1 1 1 1 3 1 1 1 1 1 1 1 1 1 1 1 1 "
5;0.687;"0 : 38,1 : 92,2 : 6,3 : 9,4 : 6";145;"0 1 0 0 0 0 0 2 0 1 3 2 0 2 4 0 0 2 0 2 0 4 0 0 0 1 2 1 0 0 0 0 0 1 3 1 0 0 1 0 0 1 1 1 1 1 1 1 3 1 1 0 3 4 1 1 1 0 1 0 1 4 1 1 1 1 1 1 1 0 1 0 1 1 1 1 1 1 4 1 1 1 0 1 1 1 1 1 1 1 0 1 1 3 1 0 1 3 1 1 1 1 1 0 0 1 1 1 3 4 1 1 3 0 1 1 1 0 1 1 1 1 1 1 1 0 1 1 1 0 1 1 1 1 1 1 1 1 3 1 1 1 1 1 1 1 1 1 1 1 1 "
5;0.685;"0 : 39,1 : 90,2 : 6,3 : 9,4 : 7";147;"0 1 0 0 0 0 0 2 0 1 3 2 0 2 4 0 0 2 0 2 0 4 0 0 0 1 2 1 0 0 0 0 0 1 3 1 0 0 1 0 0 1 1 1 1 1 1 1 3 1 1 0 3 4 1 1 1 0 1 0 1 4 1 1 1 1 1 1 1 0 1 0 1 1 1 1 1 1 4 1 1 1 0 1 1 1 1 1 1 1 0 1 1 3 1 0 1 3 1 1 1 1 1 0 0 1 1 1 3 4 1 4 3 0 1 1 1 0 1 1 1 1 1 1 1 0 1 1 1 0 1 1 0 1 1 1 1 1 3 1 1 1 1 1 1 1 1 1 1 1 1 "
5;0.683;"0 : 39,1 : 81,2 : 19,3 : 7,4 : 5";153;"0 1 0 2 0 0 0 0 0 1 3 2 0 2 4 2 2 2 0 2 0 4 2 0 2 2 2 2 0 0 0 0 0 1 3 2 0 0 2 0 0 2 1 1 2 2 2 1 3 1 1 0 0 0 1 1 1 0 1 0 1 4 1 1 1 1 1 1 1 0 1 0 1 1 1 1 1 1 4 1 1 0 0 1 1 1 1 1 1 1 0 1 1 3 1 0 1 3 1 1 1 1 1 0 0 1 1 1 3 4 1 1 0 0 1 1 1 0 1 1 1 1 1 1 1 0 1 1 1 0 1 1 0 1 1 2 1 1 3 1 1 1 1 1 1 1 1 1 1 1 1 "
5;0.682;"0 : 40,1 : 87,2 : 9,3 : 7,4 : 8";143;"0 0 1 0 0 0 0 0 0 0 2 0 1 0 3 4 4 4 0 4 0 3 4 0 4 1 4 1 0 0 0 0 0 1 2 1 0 0 1 0 4 1 1 1 1 1 1 1 2 1 1 0 2 3 1 1 1 0 0 0 1 3 1 1 1 1 1 1 1 0 1 0 1 1 1 0 1 1 3 1 1 0 0 1 1 1 1 1 1 1 0 1 1 2 1 0 1 2 1 1 1 1 1 0 1 1 1 1 2 3 1 3 2 0 1 1 1 0 1 1 1 1 1 1 1 0 1 1 1 0 1 0 0 1 1 1 1 1 2 1 1 1 1 1 1 1 1 1 1 1 1 "
5;0.681;"0 : 41,1 : 90,2 : 6,3 : 8,4 : 6";150;"0 1 0 0 0 0 0 2 0 1 3 2 0 0 4 0 0 2 0 2 0 4 2 0 0 1 2 1 0 0 0 0 0 1 3 1 0 0 1 0 0 1 1 1 1 1 1 1 3 1 1 0 0 4 1 1 1 0 1 0 1 4 1 1 1 1 1 1 1 0 1 0 1 1 1 1 1 1 4 1 1 0 0 1 1 1 1 1 1 1 0 1 1 3 1 0 1 3 1 1 1 1 1 0 0 1 1 1 3 4 1 1 3 0 1 1 1 0 1 1 1 1 1 1 1 0 1 1 1 0 1 1 0 1 1 1 1 1 3 1 1 1 1 1 1 1 1 1 1 1 1 "
5;0.681;"0 : 41,1 : 88,2 : 8,3 : 7,4 : 7";151;"0 1 0 0 0 0 0 0 0 1 2 0 0 0 3 4 4 4 0 4 0 3 4 0 4 1 4 1 0 0 0 0 0 1 2 1 0 0 1 0 0 1 1 1 1 1 1 1 2 1 1 0 0 3 1 1 1 0 1 0 1 3 1 1 1 1 1 1 1 0 1 0 1 1 1 1 1 1 3 1 1 0 0 1 1 1 1 1 1 1 0 1 1 2 1 0 1 2 1 1 1 1 1 0 0 1 1 1 2 3 1 3 2 0 1 1 1 0 1 1 1 1 1 1 1 0 1 1 1 0 1 0 0 1 1 1 1 1 2 1 1 1 1 1 1 1 1 1 1 1 1 "
5;0.68;"0 : 38,1 : 63,2 : 24,3 : 21,4 : 5";135;"1 1 2 3 0 0 2 3 0 0 0 3 2 0 0 3 3 3 4 3 0 4 3 0 3 2 3 3 0 0 3 0 0 3 0 3 0 3 3 4 2 3 2 2 3 2 2 3 0 2 2 0 0 0 2 2 2 0 0 0 2 4 3 2 2 2 2 1 1 1 1 0 1 1 1 1 1 3 0 1 1 0 2 1 1 1 2 1 1 1 0 1 1 0 0 0 1 0 1 1 1 1 2 0 2 1 1 1 0 4 1 0 0 1 1 1 1 0 2 1 1 1 1 1 1 0 1 1 1 0 1 1 0 1 1 1 1 1 1 1 1 1 1 1 1 1 1 1 1 1 1 "
5;0.68;"0 : 41,1 : 87,2 : 7,3 : 9,4 : 7";139;"0 0 1 0 0 0 0 2 0 0 3 2 1 2 4 0 0 2 0 2 0 4 0 0 0 1 2 1 0 2 0 0 0 1 3 1 0 0 1 0 0 1 1 1 1 1 1 1 3 1 1 0 3 4 1 1 1 0 0 0 1 4 1 1 1 1 1 1 1 0 1 0 1 1 1 0 1 1 4 1 1 0 0 1 1 1 1 1 1 1 0 1 1 3 1 0 1 3 1 1 1 1 1 0 1 1 1 1 3 4 1 4 3 0 1 1 1 0 1 1 1 1 1 1 1 0 1 1 1 0 1 0 0 1 1 1 1 1 3 1 1 1 1 1 1 1 1 1 1 1 1 "
5;0.68;"0 : 41,1 : 87,2 : 9,3 : 7,4 : 7";148;"0 0 1 0 0 0 0 0 0 0 2 0 1 0 3 4 4 4 0 4 0 3 4 0 4 1 4 1 0 0 0 0 0 1 2 1 0 0 1 0 0 1 1 1 1 1 1 1 2 1 1 0 2 3 1 1 1 0 0 0 1 3 1 1 1 1 1 1 1 0 1 0 1 1 1 0 1 1 3 1 1 0 0 1 1 1 1 1 1 1 0 1 1 2 1 0 1 2 1 1 1 1 1 0 1 1 1 1 2 3 1 3 2 0 1 1 1 0 1 1 1 1 1 1 1 0 1 1 1 0 1 0 0 1 1 1 1 1 2 1 1 1 1 1 1 1 1 1 1 1 1 "
5;0.679;"0 : 42,1 : 87,2 : 8,3 : 7,4 : 7";152;"0 0 1 0 0 0 0 0 0 0 2 0 1 0 3 4 4 4 0 4 0 3 4 0 4 1 4 1 0 0 0 0 0 1 2 1 0 0 1 0 0 1 1 1 1 1 1 1 2 1 1 0 0 3 1 1 1 0 0 0 1 3 1 1 1 1 1 1 1 0 1 0 1 1 1 0 1 1 3 1 1 0 0 1 1 1 1 1 1 1 0 1 1 2 1 0 1 2 1 1 1 1 1 0 1 1 1 1 2 3 1 3 2 0 1 1 1 0 1 1 1 1 1 1 1 0 1 1 1 0 1 0 0 1 1 1 1 1 2 1 1 1 1 1 1 1 1 1 1 1 1 "
6;0.719;"0 : 42,1 : 43,2 : 10,3 : 46,4 : 5,5 : 5";155;"0 1 2 3 0 0 0 0 0 0 4 3 2 3 0 3 3 3 5 3 0 5 3 0 3 2 3 3 0 0 0 0 0 3 0 3 0 0 3 5 5 3 3 3 3 3 0 3 4 3 3 0 0 0 3 3 3 0 1 0 3 0 3 3 2 3 3 1 3 0 3 0 1 3 3 1 3 3 0 3 2 0 0 3 1 3 3 1 3 1 0 1 3 4 3 0 1 0 1 1 1 1 3 3 2 1 1 1 4 0 5 0 0 0 1 1 1 0 2 1 1 1 1 1 1 0 1 1 1 0 1 0 0 1 1 2 1 1 4 1 2 1 1 1 1 3 1 2 1 1 1 "
6;0.718;"0 : 43,1 : 45,2 : 42,3 : 7,4 : 6,5 : 8";154;"0 1 2 0 0 0 0 0 0 1 3 0 2 0 4 5 5 5 0 5 0 4 5 0 5 2 5 2 0 0 0 0 0 2 3 2 0 0 5 0 0 2 2 2 0 2 2 2 3 2 2 0 0 0 2 2 2 0 1 0 2 4 2 2 2 2 2 1 2 0 2 0 1 2 2 1 2 2 4 2 2 0 0 2 1 2 2 1 2 1 0 1 2 3 2 0 1 3 1 1 1 1 2 0 0 1 1 1 3 4 0 4 0 0 1 1 1 0 1 1 1 1 1 1 1 0 1 1 1 0 1 0 0 1 1 2 1 1 3 1 2 1 1 1 1 2 1 2 1 1 1 "
